idx,stname,period,year,order,label,month,tot_day
0,largo bartolo nigrisoli,1,2019,20191,2019,2019-06,1438.4858678955452
9,largo bartolo nigrisoli,2,2019,20192,,2019-09,1236.1060035842295
18,largo card. giacomo lercaro,1,2019,20191,2019,2019-06,2683.5
19,largo card. giacomo lercaro,2,2019,20192,,2019-09,2415.5863799283156
20,largo mariele ventre,1,2019,20191,2019,2019-06,8949.02379672299
21,largo mariele ventre,2,2019,20192,,2019-09,12776.77616487455
22,largo vittime lager nazisti,1,2019,20191,2019,2019-06,1283.9803891449053
23,largo vittime lager nazisti,2,2019,20192,,2019-09,1056.189605734767
24,mura di porta galliera,1,2019,20191,2019,2019-06,1676.690616999488
25,mura di porta galliera,2,2019,20192,,2019-09,1639.7501792114697
26,p.le atleti azzurri d'italia,1,2019,20191,2019,2019-06,2444.898828725038
27,p.le atleti azzurri d'italia,2,2019,20192,,2019-09,2493.164157706093
28,passaggio a. marescalchi,1,2019,20191,2019,2019-06,856.8367127496159
29,passaggio a. marescalchi,2,2019,20192,,2019-09,776.6711469534051
30,piazza adam mickiewicz,1,2019,20191,2019,2019-06,5628.29128264209
36,piazza adam mickiewicz,2,2019,20192,,2019-09,5239.931720430108
42,piazza aldrovandi,1,2019,20191,2019,2019-06,1715.4560163850485
45,piazza aldrovandi,2,2019,20192,,2019-09,1548.3801075268818
48,piazza belluno,1,2019,20191,2019,2019-06,1477.6954429083462
55,piazza belluno,2,2019,20192,,2019-09,2157.665053763441
62,piazza della costituzione,1,2019,20191,2019,2019-06,782.9361495135689
79,piazza della costituzione,2,2019,20192,,2019-09,584.1071684587813
96,piazza delle medaglie d'oro,1,2019,20191,2019,2019-06,4353.432117255505
97,piazza delle medaglie d'oro,2,2019,20192,,2019-09,4788.813620071684
98,piazza di porta castiglione,1,2019,20191,2019,2019-06,1910.6611495135687
112,piazza di porta castiglione,2,2019,20192,,2019-09,2000.3569892473117
126,piazza di porta s.isaia,1,2019,20191,2019,2019-06,6368.9846518177155
127,piazza di porta s.isaia,2,2019,20192,,2019-09,5894.707526881721
128,piazza di porta s.mamolo,1,2019,20191,2019,2019-06,11127.610093445981
129,piazza di porta s.mamolo,2,2019,20192,,2019-09,10480.690143369176
130,piazza di porta s.vitale,1,2019,20191,2019,2019-06,7970.448911930364
131,piazza di porta s.vitale,2,2019,20192,,2019-09,17434.881541218638
132,piazza malpighi,1,2019,20191,2019,2019-06,5110.476216077829
141,piazza malpighi,2,2019,20192,,2019-09,4862.330465949821
150,piazza porta ravegnana,1,2019,20191,2019,2019-06,1005.3152201740912
151,piazza porta ravegnana,2,2019,20192,,2019-09,819.3051971326164
152,piazza renzo imbeni,1,2019,20191,2019,2019-06,826.8226446492575
153,piazza renzo imbeni,2,2019,20192,,2019-09,735.8437275985663
154,piazza trento e trieste,1,2019,20191,2019,2019-06,4940.951740911419
170,piazza trento e trieste,2,2019,20192,,2019-09,4638.48321385902
186,piazza xx settembre,1,2019,20191,2019,2019-06,13960.694662058371
187,piazza xx settembre,2,2019,20192,,2019-09,15749.148745519713
188,strada maggiore,1,2019,20191,2019,2019-06,2328.2346347499574
198,strada maggiore,2,2019,20192,,2019-09,2167.24743130227
208,tangenziale casalecchio-san lazzaro,1,2019,20191,2019,2019-06,2848.010842293907
209,tangenziale casalecchio-san lazzaro,2,2019,20192,,2019-09,2427.1390681003586
210,tangenziale san lazzaro-casalecchio,1,2019,20191,2019,2019-06,3180.3401305683565
211,tangenziale san lazzaro-casalecchio,2,2019,20192,,2019-09,1303.5117383512545
212,via adige,1,2019,20191,2019,2019-06,1410.6239759344598
221,via adige,2,2019,20192,,2019-09,1256.2491039426523
230,via agucchi,1,2019,20191,2019,2019-06,4458.138440860214
265,via agucchi,2,2019,20192,,2019-09,4260.846774193548
300,via alberto calda,1,2019,20191,2019,2019-06,1457.3444444444447
308,via alberto calda,2,2019,20192,,2019-09,2448.443369175627
316,via alberto dallolio,1,2019,20191,2019,2019-06,3785.7445980542757
330,via alberto dallolio,2,2019,20192,,2019-09,3463.562007168459
344,via alberto mario,1,2019,20191,2019,2019-06,3383.598179083461
356,via alberto mario,2,2019,20192,,2019-09,3121.351657706093
368,via alessandro guidotti,1,2019,20191,2019,2019-06,2102.4573732718895
373,via alessandro guidotti,2,2019,20192,,2019-09,2063.4551971326164
378,via alessandro tiarini,1,2019,20191,2019,2019-06,3795.3062809353128
388,via alessandro tiarini,2,2019,20192,,2019-09,3562.9133811230586
398,via alfonso lombardi,1,2019,20191,2019,2019-06,2757.9563108038915
401,via alfonso lombardi,2,2019,20192,,2019-09,2645.109677419355
404,via alfonso rubbiani,1,2019,20191,2019,2019-06,2724.1962749615973
407,via alfonso rubbiani,2,2019,20192,,2019-09,2946.099641577061
410,via alfonso torreggiani,1,2019,20191,2019,2019-06,0.0
412,via alfonso torreggiani,2,2019,20192,,2019-09,1446.5032258064518
414,via amedeo parmeggiani,1,2019,20191,2019,2019-06,3736.265937019969
416,via amedeo parmeggiani,2,2019,20192,,2019-09,3640.5218637992834
418,via amilcare ponchielli,1,2019,20191,2019,2019-06,6467.906131592422
427,via amilcare ponchielli,2,2019,20192,,2019-09,5416.874014336918
436,via andrea costa,1,2019,20191,2019,2019-06,8047.5358273596175
497,via andrea costa,2,2019,20192,,2019-09,6966.643455904113
558,via antonio cavalieri ducati,1,2019,20191,2019,2019-06,8300.318445980543
572,via antonio cavalieri ducati,2,2019,20192,,2019-09,7786.590501792114
586,via antonio giuriolo,1,2019,20191,2019,2019-06,2750.9619815668207
588,via antonio giuriolo,2,2019,20192,,2019-09,2730.5789426523297
590,via antonio labriola,1,2019,20191,2019,2019-06,1376.635599078341
593,via antonio labriola,2,2019,20192,,2019-09,1216.0247311827957
596,via antonio vivaldi,1,2019,20191,2019,2019-06,510.329915514593
597,via antonio vivaldi,2,2019,20192,,2019-09,444.51684587813617
598,via arcangelo corelli,1,2019,20191,2019,2019-06,2980.9904889912955
610,via arcangelo corelli,2,2019,20192,,2019-09,3133.5537634408597
622,via aristotile fioravanti,1,2019,20191,2019,2019-06,7159.831497695853
641,via aristotile fioravanti,2,2019,20192,,2019-09,6174.612222222222
660,via arno,1,2019,20191,2019,2019-06,5217.145850705873
678,via arno,2,2019,20192,,2019-09,5387.723527905786
696,via augusto murri,1,2019,20191,2019,2019-06,8978.200623749011
756,via augusto murri,2,2019,20192,,2019-09,7941.901694362984
816,via augusto romagnoli,1,2019,20191,2019,2019-06,1323.8641577060932
822,via augusto romagnoli,2,2019,20192,,2019-09,1180.8498207885305
828,via aurelio saffi,1,2019,20191,2019,2019-06,9535.616419184162
842,via aurelio saffi,2,2019,20192,,2019-09,9037.975925925924
856,via azzurra,1,2019,20191,2019,2019-06,8233.31607782898
869,via azzurra,2,2019,20192,,2019-09,7484.5272401433685
882,via barberia,1,2019,20191,2019,2019-06,5220.8068356374815
886,via barberia,2,2019,20192,,2019-09,8.403225806451614
890,via bassa dei sassi,1,2019,20191,2019,2019-06,3361.3011520737327
896,via bassa dei sassi,2,2019,20192,,2019-09,3233.358064516129
902,via battindarno,1,2019,20191,2019,2019-06,6431.344294034818
962,via battindarno,2,2019,20192,,2019-09,5914.611429167111
1022,via bellaria,1,2019,20191,2019,2019-06,1998.9646349937823
1042,via bellaria,2,2019,20192,,2019-09,1926.1748335893499
1062,via benedetto marcello,1,2019,20191,2019,2019-06,5713.888607270866
1073,via benedetto marcello,2,2019,20192,,2019-09,5266.109811827957
1084,via borgonuovo,1,2019,20191,2019,2019-06,12.903225806451614
1085,via borgonuovo,2,2019,20192,,2019-09,0.8980286738351255
1086,via bovi campeggi,1,2019,20191,2019,2019-06,4017.6862135176652
1087,via bovi campeggi,2,2019,20192,,2019-09,1195.3978494623655
1088,via cadriano,1,2019,20191,2019,2019-06,1297.3409530209933
1116,via cadriano,2,2019,20192,,2019-09,1206.1864695340503
1144,via caduti di amola,1,2019,20191,2019,2019-06,1792.136712749616
1158,via caduti di amola,2,2019,20192,,2019-09,1729.4806451612903
1172,via caduti di casteldebole,1,2019,20191,2019,2019-06,1280.649846390169
1190,via caduti di casteldebole,2,2019,20192,,2019-09,1141.9010752688173
1208,via calabria,1,2019,20191,2019,2019-06,2094.0255248335893
1239,via calabria,2,2019,20192,,2019-09,1977.5682795698924
1270,via calamosco,1,2019,20191,2019,2019-06,3190.4188300051205
1282,via calamosco,2,2019,20192,,2019-09,2996.355734767025
1294,via camillo casarini,1,2019,20191,2019,2019-06,1426.0010752688174
1313,via camillo casarini,2,2019,20192,,2019-09,3538.7985663082436
1332,via camillo ranzani,1,2019,20191,2019,2019-06,9584.91025345622
1336,via camillo ranzani,2,2019,20192,,2019-09,8982.45017921147
1340,via capo di lucca,1,2019,20191,2019,2019-06,617.1657578084997
1345,via capo di lucca,2,2019,20192,,2019-09,619.3410394265233
1350,via cardinale g. de albornoz,1,2019,20191,2019,2019-06,3055.377956989247
1351,via cardinale g. de albornoz,2,2019,20192,,2019-09,2656.6668458781364
1352,via carlo alberto pizzardi,1,2019,20191,2019,2019-06,1491.457654889913
1361,via carlo alberto pizzardi,2,2019,20192,,2019-09,1573.2808243727598
1370,via carlo sigonio,1,2019,20191,2019,2019-06,2888.053754906981
1384,via carlo sigonio,2,2019,20192,,2019-09,1688.2785543608124
1398,via casteldebole,1,2019,20191,2019,2019-06,3093.397017409114
1425,via casteldebole,2,2019,20192,,2019-09,3275.6274193548384
1452,via castiglione,1,2019,20191,2019,2019-06,4856.780280337942
1481,via castiglione,2,2019,20192,,2019-09,2739.427822580645
1510,via cesare battisti,1,2019,20191,2019,2019-06,2292.8797363031235
1513,via cesare battisti,2,2019,20192,,2019-09,2365.8537634408603
1516,via cesare boldrini,1,2019,20191,2019,2019-06,2378.5350059737157
1519,via cesare boldrini,2,2019,20192,,2019-09,2435.5538829151733
1522,via cesare gnudi,1,2019,20191,2019,2019-06,4160.996889400922
1525,via cesare gnudi,2,2019,20192,,2019-09,3802.222759856631
1528,via cesare pavese,1,2019,20191,2019,2019-06,1024.1419098822323
1535,via cesare pavese,2,2019,20192,,2019-09,1411.3193548387098
1542,via cimabue,1,2019,20191,2019,2019-06,861.3823732718894
1546,via cimabue,2,2019,20192,,2019-09,716.0247311827957
1550,via cleto tomba,1,2019,20191,2019,2019-06,829.1856374807988
1553,via cleto tomba,2,2019,20192,,2019-09,720.3623655913979
1556,via colombarola,1,2019,20191,2019,2019-06,1413.266922683052
1564,via colombarola,2,2019,20192,,2019-09,1716.2618279569895
1572,via cracovia,1,2019,20191,2019,2019-06,1606.8374935995905
1586,via cracovia,2,2019,20192,,2019-09,1411.8672043010754
1600,via croce di camaldoli,1,2019,20191,2019,2019-06,939.51626984127
1607,via croce di camaldoli,2,2019,20192,,2019-09,905.9508960573477
1614,via d'azeglio,1,2019,20191,2019,2019-06,2278.0485535074245
1615,via d'azeglio,2,2019,20192,,2019-09,2221.3293906810036
1616,via dante,1,2019,20191,2019,2019-06,3552.788722478239
1617,via dante,2,2019,20192,,2019-09,3279.898028673835
1618,via de' carracci,1,2019,20191,2019,2019-06,8288.220660522273
1631,via de' carracci,2,2019,20192,,2019-09,7815.394265232975
1644,via degli orti,1,2019,20191,2019,2019-06,9823.837105917637
1673,via degli orti,2,2019,20192,,2019-09,8834.397695852535
1702,via degli ortolani,1,2019,20191,2019,2019-06,13536.895954941116
1713,via degli ortolani,2,2019,20192,,2019-09,12392.344668458782
1724,via dei lamponi,1,2019,20191,2019,2019-06,835.7757808499745
1737,via dei lamponi,2,2019,20192,,2019-09,759.6623655913978
1750,via dei mille,1,2019,20191,2019,2019-06,5303.626222478239
1753,via dei mille,2,2019,20192,,2019-09,5005.231182795699
1756,via del borgo di s.pietro,1,2019,20191,2019,2019-06,1392.3056579621095
1757,via del borgo di s.pietro,2,2019,20192,,2019-09,990.8124551971326
1758,via del dazio,2,2019,20192,,2019-09,4601.817741935484
1776,via del lavoro,1,2019,20191,2019,2019-06,5655.6232932241
1785,via del lavoro,2,2019,20192,,2019-09,5348.482616487455
1794,via del pallone,1,2019,20191,2019,2019-06,4033.1518049155147
1795,via del pallone,2,2019,20192,,2019-09,3997.7385304659497
1796,via del pilastro,1,2019,20191,2019,2019-06,1124.7337301587302
1816,via del pilastro,2,2019,20192,,2019-09,909.7937275985663
1836,via del pozzo,1,2019,20191,2019,2019-06,4962.315476190476
1846,via del pozzo,2,2019,20192,,2019-09,2535.6057347670253
1856,via del timavo,1,2019,20191,2019,2019-06,4295.1621255760365
1866,via del timavo,2,2019,20192,,2019-09,3970.1619623655915
1876,via del triumvirato,1,2019,20191,2019,2019-06,7191.171319764465
1955,via del triumvirato,2,2019,20192,,2019-09,6169.3931899641575
2034,via dell'angelo custode,1,2019,20191,2019,2019-06,1394.3560163850486
2052,via dell'angelo custode,2,2019,20192,,2019-09,1250.9268817204302
2070,via dell'artigiano,1,2019,20191,2019,2019-06,10779.546274961598
2072,via dell'artigiano,2,2019,20192,,2019-09,10147.333691756272
2074,via dell'indipendenza,1,2019,20191,2019,2019-06,3502.677577231609
2079,via dell'indipendenza,2,2019,20192,,2019-09,3748.3295698924726
2084,via della barca,1,2019,20191,2019,2019-06,5995.40041218638
2124,via della barca,2,2019,20192,,2019-09,5937.306666666667
2164,via della certosa,1,2019,20191,2019,2019-06,783.2313364055299
2168,via della certosa,2,2019,20192,,2019-09,507.8666666666666
2172,via della croce coperta,1,2019,20191,2019,2019-06,3154.5953533026113
2198,via della croce coperta,2,2019,20192,,2019-09,3529.6887096774194
2224,via della crocetta,1,2019,20191,2019,2019-06,1021.803392217102
2226,via della crocetta,2,2019,20192,,2019-09,912.5793906810036
2228,via della direttissima,1,2019,20191,2019,2019-06,2094.8775089605733
2231,via della direttissima,2,2019,20192,,2019-09,1826.9213261648745
2234,via della foscherara,1,2019,20191,2019,2019-06,9526.098323092678
2238,via della foscherara,2,2019,20192,,2019-09,8050.00017921147
2242,via della liberazione,1,2019,20191,2019,2019-06,8500.311847158218
2246,via della liberazione,2,2019,20192,,2019-09,7981.790053763441
2250,via della pietra,1,2019,20191,2019,2019-06,5862.41164234511
2267,via della pietra,2,2019,20192,,2019-09,5529.421326164874
2284,via della salute,1,2019,20191,2019,2019-06,2992.7169930875575
2334,via della salute,2,2019,20192,,2019-09,2392.142562724014
2384,via delle lame,1,2019,20191,2019,2019-06,5883.153993855606
2395,via delle lame,2,2019,20192,,2019-09,5320.699342891278
2406,via di casaglia,1,2019,20191,2019,2019-06,1840.1552163338454
2432,via di casaglia,2,2019,20192,,2019-09,1691.44229390681
2458,via di corticella,1,2019,20191,2019,2019-06,8172.529458176232
2543,via di corticella,2,2019,20192,,2019-09,8698.446301726946
2628,via di s.luca,1,2019,20191,2019,2019-06,1340.3697004608296
2629,via di s.luca,2,2019,20192,,2019-09,1263.638888888889
2630,via di saliceto,1,2019,20191,2019,2019-06,4010.6136968766
2651,via di saliceto,2,2019,20192,,2019-09,3172.818817204301
2672,via dionisio calvart,1,2019,20191,2019,2019-06,2872.1089605734765
2674,via dionisio calvart,2,2019,20192,,2019-09,2667.282258064516
2676,via domenico biancolelli,1,2019,20191,2019,2019-06,2903.869802867384
2690,via domenico biancolelli,2,2019,20192,,2019-09,2716.365860215054
2704,via domenico zampieri,1,2019,20191,2019,2019-06,1823.6794930875576
2707,via domenico zampieri,2,2019,20192,,2019-09,1715.286200716846
2710,via don giovanni minzoni,1,2019,20191,2019,2019-06,7224.863389656938
2721,via don giovanni minzoni,2,2019,20192,,2019-09,4546.604659498208
2732,via don luigi sturzo,1,2019,20191,2019,2019-06,5294.515076164874
2751,via don luigi sturzo,2,2019,20192,,2019-09,5522.955465949821
2770,via donato creti,1,2019,20191,2019,2019-06,12090.37825140809
2784,via donato creti,2,2019,20192,,2019-09,11184.402598566308
2798,via duccio di boninsegna,1,2019,20191,2019,2019-06,0.0
2802,via duccio di boninsegna,2,2019,20192,,2019-09,722.5835125448028
2806,via due madonne,1,2019,20191,2019,2019-06,6096.098067076294
2836,via due madonne,2,2019,20192,,2019-09,5756.149238351255
2866,via edoardo ferravilla,1,2019,20191,2019,2019-06,3705.637250384025
2872,via edoardo ferravilla,2,2019,20192,,2019-09,3674.1421146953403
2878,via emilia levante,1,2019,20191,2019,2019-06,5490.688129800307
2943,via emilia levante,2,2019,20192,,2019-09,5576.997598566309
3008,via emilia ponente,1,2019,20191,2019,2019-06,7226.829655231268
3076,via emilia ponente,2,2019,20192,,2019-09,6705.469199522103
3144,via emilio salgari,1,2019,20191,2019,2019-06,1289.8594982078853
3150,via emilio salgari,2,2019,20192,,2019-09,1109.3675627240143
3156,via enrico mattei,1,2019,20191,2019,2019-06,5156.436123911931
3201,via enrico mattei,2,2019,20192,,2019-09,7204.84605734767
3246,via ermanno galeotti,1,2019,20191,2019,2019-06,10479.997631848439
3247,via ermanno galeotti,2,2019,20192,,2019-09,9841.176702508961
3248,via ermete novelli,1,2019,20191,2019,2019-06,2143.838248847926
3253,via ermete novelli,2,2019,20192,,2019-09,1823.2560931899643
3258,via ermete zacconi,1,2019,20191,2019,2019-06,4781.8181643625185
3259,via ermete zacconi,2,2019,20192,,2019-09,2496.5802867383513
3260,via ernesto masi,1,2019,20191,2019,2019-06,3908.300689207746
3272,via ernesto masi,2,2019,20192,,2019-09,3639.6815412186384
3284,via farini,1,2019,20191,2019,2019-06,12.903225806451614
3285,via farini,2,2019,20192,,2019-09,20.059139784946236
3286,via faustino malaguti,1,2019,20191,2019,2019-06,5041.181362007169
3296,via faustino malaguti,2,2019,20192,,2019-09,9358.718637992832
3306,via felice battaglia,1,2019,20191,2019,2019-06,449.9070532514081
3312,via felice battaglia,2,2019,20192,,2019-09,363.1921146953405
3318,via ferrarese,1,2019,20191,2019,2019-06,5727.020962621608
3400,via ferrarese,2,2019,20192,,2019-09,5747.901899641577
3482,via ferruccio parri,1,2019,20191,2019,2019-06,1574.9360343061956
3487,via ferruccio parri,2,2019,20192,,2019-09,1062.98458781362
3492,via filippo beroaldo,1,2019,20191,2019,2019-06,3314.8494154292543
3509,via filippo beroaldo,2,2019,20192,,2019-09,3070.11421744325
3526,via filippo de pisis,1,2019,20191,2019,2019-06,6433.816871479775
3536,via filippo de pisis,2,2019,20192,,2019-09,5909.14193548387
3546,via filippo schiassi,1,2019,20191,2019,2019-06,1527.38476062468
3557,via filippo schiassi,2,2019,20192,,2019-09,1466.2556451612902
3568,via firenze,1,2019,20191,2019,2019-06,6498.187275985663
3583,via firenze,2,2019,20192,,2019-09,6221.26935483871
3598,via francesca e.de giovanni,1,2019,20191,2019,2019-06,2208.858832565284
3599,via francesca e.de giovanni,2,2019,20192,,2019-09,2016.6301075268818
3600,via francesco barbieri,1,2019,20191,2019,2019-06,5070.122738521933
3601,via francesco barbieri,2,2019,20192,,2019-09,4430.686499402628
3602,via francesco cavazzoni,1,2019,20191,2019,2019-06,3831.2101638504864
3618,via francesco cavazzoni,2,2019,20192,,2019-09,3482.309617682198
3634,via francesco roncati,1,2019,20191,2019,2019-06,1712.1404121863798
3646,via francesco roncati,2,2019,20192,,2019-09,1496.3987455197132
3658,via francesco zanardi,1,2019,20191,2019,2019-06,9873.559084741424
3732,via francesco zanardi,2,2019,20192,,2019-09,8864.877795698923
3806,via franco bolognese,1,2019,20191,2019,2019-06,12714.935675883256
3809,via franco bolognese,2,2019,20192,,2019-09,11893.878315412187
3812,via g.battista de rolandis,1,2019,20191,2019,2019-06,832.6276881720429
3813,via g.battista de rolandis,2,2019,20192,,2019-09,479.0116487455197
3814,via galeazza,1,2019,20191,2019,2019-06,1916.3461085509473
3822,via galeazza,2,2019,20192,,2019-09,1731.1965949820788
3830,via galliera,1,2019,20191,2019,2019-06,2013.4425563236045
3836,via galliera,2,2019,20192,,2019-09,1946.6776881720432
3842,via garibaldi,1,2019,20191,2019,2019-06,2372.6857782898105
3843,via garibaldi,2,2019,20192,,2019-09,2296.0847670250896
3844,via gaspare tagliacozzi,1,2019,20191,2019,2019-06,4522.211194316436
3854,via gaspare tagliacozzi,2,2019,20192,,2019-09,4252.189695340502
3864,via genova,1,2019,20191,2019,2019-06,2585.6779953917053
3875,via genova,2,2019,20192,,2019-09,2532.0715949820788
3886,via genuzio bentini,1,2019,20191,2019,2019-06,4516.168371309097
3905,via genuzio bentini,2,2019,20192,,2019-09,5254.207586618877
3924,via gherardo forni,1,2019,20191,2019,2019-06,3263.162032770097
3930,via gherardo forni,2,2019,20192,,2019-09,2865.280286738351
3936,via giacomo matteotti,1,2019,20191,2019,2019-06,7457.099516129033
3946,via giacomo matteotti,2,2019,20192,,2019-09,4488.882078853047
3956,via gian giacomo carissimi,1,2019,20191,2019,2019-06,662.6559779825909
3966,via gian giacomo carissimi,2,2019,20192,,2019-09,600.9494623655914
3976,via giovan battista gandino,1,2019,20191,2019,2019-06,2937.714861751152
3988,via giovan battista gandino,2,2019,20192,,2019-09,2551.7974910394264
4000,via giovanna zaccherini alvisi,1,2019,20191,2019,2019-06,3547.267415514593
4004,via giovanna zaccherini alvisi,2,2019,20192,,2019-09,3187.58646953405
4008,via giovanni amendola,1,2019,20191,2019,2019-06,4031.3861879160268
4015,via giovanni amendola,2,2019,20192,,2019-09,3971.7871863799282
4022,via giovanni casoni,1,2019,20191,2019,2019-06,2914.4363671274964
4026,via giovanni casoni,2,2019,20192,,2019-09,2709.005376344086
4030,via giovanni marchetti,1,2019,20191,2019,2019-06,1645.479761904762
4038,via giovanni marchetti,2,2019,20192,,2019-09,1546.2564516129032
4046,via giuseppe bentivogli,1,2019,20191,2019,2019-06,3861.590557262332
4056,via giuseppe bentivogli,2,2019,20192,,2019-09,3489.105495818399
4066,via giuseppe dagnini,1,2019,20191,2019,2019-06,5027.760748421232
4091,via giuseppe dagnini,2,2019,20192,,2019-09,4606.3617084826765
4116,via giuseppe dozza,1,2019,20191,2019,2019-06,9644.51129032258
4139,via giuseppe dozza,2,2019,20192,,2019-09,9150.58999674161
4162,via giuseppe massarenti,1,2019,20191,2019,2019-06,9654.463717144565
4233,via giuseppe massarenti,2,2019,20192,,2019-09,8050.524725561595
4304,via giuseppe mazza,1,2019,20191,2019,2019-06,8548.412032770097
4305,via giuseppe mazza,2,2019,20192,,2019-09,8033.859498207886
4306,via giuseppe mezzofanti,1,2019,20191,2019,2019-06,7100.523060675882
4319,via giuseppe mezzofanti,2,2019,20192,,2019-09,6157.009318996416
4332,via giuseppe petroni,1,2019,20191,2019,2019-06,1859.7544034818227
4333,via giuseppe petroni,2,2019,20192,,2019-09,2948.775268817204
4334,via giuseppe ruggi,1,2019,20191,2019,2019-06,551.0931259600615
4342,via giuseppe ruggi,2,2019,20192,,2019-09,2206.6408602150536
4350,via giuseppe saragat,1,2019,20191,2019,2019-06,6669.0023937532
4359,via giuseppe saragat,2,2019,20192,,2019-09,5958.282795698925
4368,via guerrazzi,1,2019,20191,2019,2019-06,2985.612365591398
4370,via guerrazzi,2,2019,20192,,2019-09,3897.2202508960577
4372,via guglielmo marconi,1,2019,20191,2019,2019-06,3001.7883691756274
4404,via guglielmo marconi,2,2019,20192,,2019-09,2638.4651612903226
4436,via innocenzo malvasia,1,2019,20191,2019,2019-06,6318.674709848096
4446,via innocenzo malvasia,2,2019,20192,,2019-09,7217.453882915174
4456,via irma bandiera,1,2019,20191,2019,2019-06,5401.98648233487
4467,via irma bandiera,2,2019,20192,,2019-09,5010.132078853047
4478,via irnerio,1,2019,20191,2019,2019-06,6393.797813193378
4505,via irnerio,2,2019,20192,,2019-09,5800.501826435781
4532,via isabella andreini,1,2019,20191,2019,2019-06,5898.191116231439
4555,via isabella andreini,2,2019,20192,,2019-09,5836.979271206691
4578,via jacopo della quercia (parcheggio salesiani),1,2019,20191,2019,2019-06,0.0
4579,via jacopo della quercia (parcheggio salesiani),2,2019,20192,,2019-09,0.005376344086021505
4580,via larga,1,2019,20191,2019,2019-06,7516.981765232976
4631,via larga,2,2019,20192,,2019-09,7234.34982078853
4682,via laura bassi veratti,1,2019,20191,2019,2019-06,3333.1958854509544
4702,via laura bassi veratti,2,2019,20192,,2019-09,3044.491423451101
4722,via leandro alberti,1,2019,20191,2019,2019-06,4307.835458269329
4739,via leandro alberti,2,2019,20192,,2019-09,3963.6110855094726
4756,via libia,1,2019,20191,2019,2019-06,7053.30599078341
4773,via libia,2,2019,20192,,2019-09,6494.482915173237
4790,via lippo di dalmasio,1,2019,20191,2019,2019-06,430.29581413210445
4792,via lippo di dalmasio,2,2019,20192,,2019-09,362.49032258064517
4794,via lombardia,1,2019,20191,2019,2019-06,948.546385902031
4812,via lombardia,2,2019,20192,,2019-09,1181.805017921147
4830,via luca signorelli,1,2019,20191,2019,2019-06,3711.1594982078855
4837,via luca signorelli,2,2019,20192,,2019-09,3397.7129032258067
4844,via luigi calori,1,2019,20191,2019,2019-06,5151.650921658987
4855,via luigi calori,2,2019,20192,,2019-09,3809.976344086021
4866,via luigi longo,1,2019,20191,2019,2019-06,2528.079663765148
4872,via luigi longo,2,2019,20192,,2019-09,2534.318817204301
4878,via luigi pirandello,1,2019,20191,2019,2019-06,3648.7697068612392
4894,via luigi pirandello,2,2019,20192,,2019-09,3762.931720430108
4910,via luigi tanari,1,2019,20191,2019,2019-06,7574.698438300052
4928,via luigi tanari,2,2019,20192,,2019-09,1295.0881720430107
4946,via luigi valeriani,1,2019,20191,2019,2019-06,728.4797491039426
4951,via luigi valeriani,2,2019,20192,,2019-09,1261.6887096774192
4956,via malpertuso,1,2019,20191,2019,2019-06,1636.811354326677
4959,via malpertuso,2,2019,20192,,2019-09,1289.1078853046595
4962,via marcantonio franceschini,1,2019,20191,2019,2019-06,6013.638504864311
4967,via marcantonio franceschini,2,2019,20192,,2019-09,6131.156630824374
4972,via marco emilio lepido,1,2019,20191,2019,2019-06,5500.101516897082
5051,via marco emilio lepido,2,2019,20192,,2019-09,5189.258915770609
5130,via marco polo,1,2019,20191,2019,2019-06,15160.590049496503
5156,via marco polo,2,2019,20192,,2019-09,14030.960752688172
5182,via marsili,1,2019,20191,2019,2019-06,4253.221249359959
5184,via marsili,2,2019,20192,,2019-09,3982.1818996415773
5186,via marzabotto,1,2019,20191,2019,2019-06,3646.965529953917
5211,via marzabotto,2,2019,20192,,2019-09,3241.2977419354843
5236,via mascarella,1,2019,20191,2019,2019-06,2515.2162442396316
5240,via mascarella,2,2019,20192,,2019-09,934.5096774193548
5244,via massenzio masia,1,2019,20191,2019,2019-06,2014.8738863287251
5245,via massenzio masia,2,2019,20192,,2019-09,1648.1983870967742
5246,via matteotti,1,2019,20191,2019,2019-06,0.0
5247,via matteotti,2,2019,20192,,2019-09,29.333333333333332
5248,via mazzini,1,2019,20191,2019,2019-06,6558.411258320532
5249,via mazzini,2,2019,20192,,2019-09,6690.4186738351245
5250,via michelino,1,2019,20191,2019,2019-06,6222.49024577573
5284,via michelino,2,2019,20192,,2019-09,5936.227598566308
5318,via milano,1,2019,20191,2019,2019-06,0.0
5326,via milano,2,2019,20192,,2019-09,60.41935483870967
5334,via mondo,1,2019,20191,2019,2019-06,5736.086264720942
5348,via mondo,2,2019,20192,,2019-09,5452.820967741935
5362,via montefiorino,1,2019,20191,2019,2019-06,9396.592044290834
5374,via montefiorino,2,2019,20192,,2019-09,8833.73629032258
5386,via niccolo' machiavelli,1,2019,20191,2019,2019-06,587.2360215053764
5387,via niccolo' machiavelli,2,2019,20192,,2019-09,1148.669713261649
5388,via nicolo' dall'arca,1,2019,20191,2019,2019-06,4553.374577572965
5389,via nicolo' dall'arca,2,2019,20192,,2019-09,3972.595340501792
5390,via normandia,1,2019,20191,2019,2019-06,515.6301843317972
5397,via normandia,2,2019,20192,,2019-09,1317.1625448028674
5404,via nosadella,1,2019,20191,2019,2019-06,7983.39658218126
5406,via nosadella,2,2019,20192,,2019-09,7492.438172043011
5408,via olindo guerrini,1,2019,20191,2019,2019-06,805.005017921147
5410,via olindo guerrini,2,2019,20192,,2019-09,658.5775985663082
5412,via orazio samacchini,1,2019,20191,2019,2019-06,557.092140296979
5414,via orazio samacchini,2,2019,20192,,2019-09,468.98458781362007
5416,via osoppo,1,2019,20191,2019,2019-06,435.00272657450074
5422,via osoppo,2,2019,20192,,2019-09,450.2523297491039
5428,via paganino bonafede,1,2019,20191,2019,2019-06,12.903225806451614
5429,via paganino bonafede,2,2019,20192,,2019-09,0.0
5430,via panigale,1,2019,20191,2019,2019-06,3495.135765488991
5448,via panigale,2,2019,20192,,2019-09,3194.242652329749
5466,via paolo bovi campeggi,1,2019,20191,2019,2019-06,6176.795430107527
5481,via paolo bovi campeggi,2,2019,20192,,2019-09,4566.077419354839
5496,via parisio,1,2019,20191,2019,2019-06,3154.499513568868
5508,via parisio,2,2019,20192,,2019-09,3008.5774193548386
5520,via pasubio,1,2019,20191,2019,2019-06,3439.6794962877625
5540,via pasubio,2,2019,20192,,2019-09,3162.3055107526884
5560,via pelagio palagi,1,2019,20191,2019,2019-06,8980.640702338284
5573,via pelagio palagi,2,2019,20192,,2019-09,8206.025985663082
5586,via pellegrino tibaldi,1,2019,20191,2019,2019-06,7404.422299027137
5589,via pellegrino tibaldi,2,2019,20192,,2019-09,7155.489247311828
5592,via persicetana,1,2019,20191,2019,2019-06,7533.4969662058365
5630,via persicetana,2,2019,20192,,2019-09,7339.8464157706085
5668,via pier luigi da palestrina,1,2019,20191,2019,2019-06,649.4314132104455
5681,via pier luigi da palestrina,2,2019,20192,,2019-09,668.2057347670251
5694,via pietro albertoni,1,2019,20191,2019,2019-06,3880.736194316436
5699,via pietro albertoni,2,2019,20192,,2019-09,3205.0307347670255
5704,via pietro de coubertin,1,2019,20191,2019,2019-06,2494.936885560676
5710,via pietro de coubertin,2,2019,20192,,2019-09,2285.534677419355
5716,via pietro mascagni,1,2019,20191,2019,2019-06,2615.2196492575526
5724,via pietro mascagni,2,2019,20192,,2019-09,2368.888172043011
5732,via pietro mengoli,1,2019,20191,2019,2019-06,3397.8079544290836
5748,via pietro mengoli,2,2019,20192,,2019-09,3216.7182437275987
5764,via pietro nenni,1,2019,20191,2019,2019-06,2657.30770609319
5771,via pietro nenni,2,2019,20192,,2019-09,2384.4996415770606
5778,via pietro pomponazzi,1,2019,20191,2019,2019-06,1549.2636968766
5780,via pietro pomponazzi,2,2019,20192,,2019-09,1369.3166666666666
5782,via po,1,2019,20191,2019,2019-06,8580.265122034476
5791,via po,2,2019,20192,,2019-09,7975.064665471924
5800,via porrettana,1,2019,20191,2019,2019-06,3537.19519969278
5839,via porrettana,2,2019,20192,,2019-09,3389.166786140979
5878,via prati di caprara,1,2019,20191,2019,2019-06,11877.17654889913
5890,via prati di caprara,2,2019,20192,,2019-09,16212.360125448029
5902,via ravenna,1,2019,20191,2019,2019-06,452.20360983102915
5906,via ravenna,2,2019,20192,,2019-09,449.7231182795699
5910,via rialto,1,2019,20191,2019,2019-06,1243.7489631336405
5913,via rialto,2,2019,20192,,2019-09,1128.9066308243728
5916,via rimesse,1,2019,20191,2019,2019-06,4279.640002560164
5931,via rimesse,2,2019,20192,,2019-09,3698.213799283154
5946,via riva di reno,1,2019,20191,2019,2019-06,4360.686038573135
5963,via riva di reno,2,2019,20192,,2019-09,3026.320639187574
5980,via rizzoli,1,2019,20191,2019,2019-06,1360.241986687148
5981,via rizzoli,2,2019,20192,,2019-09,1232.8862903225806
5982,via roberto ardigo',1,2019,20191,2019,2019-06,848.9714157706094
5983,via roberto ardigo',2,2019,20192,,2019-09,364.50625960061444
5984,via romolo amaseo,1,2019,20191,2019,2019-06,14412.153187403994
5986,via romolo amaseo,2,2019,20192,,2019-09,13161.128673835126
5988,via ruggero ruggeri,1,2019,20191,2019,2019-06,2847.1671338965693
5996,via ruggero ruggeri,2,2019,20192,,2019-09,2501.3610215053764
6004,via s. isaia,1,2019,20191,2019,2019-06,1198.8810035842296
6005,via s. isaia,2,2019,20192,,2019-09,615.4227598566308
6006,via s.anna,1,2019,20191,2019,2019-06,1619.075992063492
6007,via s.anna,2,2019,20192,,2019-09,1479.3922043010753
6008,via s.donato,1,2019,20191,2019,2019-06,6787.440470774745
6009,via s.donato,2,2019,20192,,2019-09,6643.895478356769
6010,via s.felice,1,2019,20191,2019,2019-06,4005.076228878648
6011,via s.felice,2,2019,20192,,2019-09,3998.112365591398
6012,via s.isaia,2,2019,20192,,2019-09,1303.6923076923076
6013,via s.mamolo,1,2019,20191,2019,2019-06,5416.3008384536615
6014,via s.mamolo,2,2019,20192,,2019-09,5146.602329749104
6015,via s.nicolo' di villola,1,2019,20191,2019,2019-06,427.0132616487455
6016,via s.nicolo' di villola,2,2019,20192,,2019-09,374.98763440860216
6017,via s.stefano,1,2019,20191,2019,2019-06,4485.358896569381
6018,via s.stefano,2,2019,20192,,2019-09,4127.069056152927
6019,via s.vitale,1,2019,20191,2019,2019-06,12.914336917562723
6020,via s.vitale,2,2019,20192,,2019-09,61.45860215053764
6021,via sabotino,1,2019,20191,2019,2019-06,21439.84930875576
6030,via sabotino,2,2019,20192,,2019-09,18365.44077060932
6039,via san giacomo,1,2019,20191,2019,2019-06,0.0
6041,via san giacomo,2,2019,20192,,2019-09,68.2652329749104
6043,via sante vincenzi,1,2019,20191,2019,2019-06,5006.979697900665
6063,via sante vincenzi,2,2019,20192,,2019-09,4424.814695340502
6083,via saragozza,1,2019,20191,2019,2019-06,6299.5948140681
6128,via saragozza,2,2019,20192,,2019-09,5902.836671146953
6173,via sardegna,1,2019,20191,2019,2019-06,1829.991199436764
6181,via sardegna,2,2019,20192,,2019-09,1732.4922939068101
6189,via sebastiano serlio,1,2019,20191,2019,2019-06,2566.2775601638505
6196,via sebastiano serlio,2,2019,20192,,2019-09,2270.282168458781
6203,via serena,1,2019,20191,2019,2019-06,4464.156720430107
6205,via serena,2,2019,20192,,2019-09,3409.082951534985
6207,via siepelunga,1,2019,20191,2019,2019-06,2675.8467869943674
6223,via siepelunga,2,2019,20192,,2019-09,2359.762544802867
6239,via simone dei crocefissi,1,2019,20191,2019,2019-06,0.0
6243,via simone dei crocefissi,2,2019,20192,,2019-09,3667.3331541218636
6247,via spartaco,1,2019,20191,2019,2019-06,1031.9446620583717
6258,via spartaco,2,2019,20192,,2019-09,558.3121863799283
6269,via stalingrado,1,2019,20191,2019,2019-06,12804.326420890937
6340,via stalingrado,2,2019,20192,,2019-09,11235.601938742262
6411,via tagliapietre,1,2019,20191,2019,2019-06,2017.6723886328728
6415,via tagliapietre,2,2019,20192,,2019-09,1308.091577060932
6419,via tolmino,1,2019,20191,2019,2019-06,12287.30154889913
6426,via tolmino,2,2019,20192,,2019-09,10639.616845878138
6433,via tommaso martelli,1,2019,20191,2019,2019-06,7166.726625704046
6443,via tommaso martelli,2,2019,20192,,2019-09,7840.329390681003
6453,via torino,1,2019,20191,2019,2019-06,5578.789464925755
6458,via torino,2,2019,20192,,2019-09,5111.860095579451
6463,via toscana,1,2019,20191,2019,2019-06,11064.089236644477
6583,via toscana,2,2019,20192,,2019-09,8709.467152862651
6703,via ugo bassi,1,2019,20191,2019,2019-06,3255.424708781362
6713,via ugo bassi,2,2019,20192,,2019-09,3307.730600358423
6723,via ugo la malfa,1,2019,20191,2019,2019-06,1768.3626472094213
6727,via ugo la malfa,2,2019,20192,,2019-09,1659.9702508960575
6731,via urbana,1,2019,20191,2019,2019-06,763.5645161290322
6735,via urbana,2,2019,20192,,2019-09,0.0
6739,via vallescura,1,2019,20191,2019,2019-06,0.0
6749,via vallescura,2,2019,20192,,2019-09,0.03225806451612903
6759,via vermena,1,2019,20191,2019,2019-06,2074.9797747055813
6768,via vermena,2,2019,20192,,2019-09,2354.312903225806
6777,via vezza,1,2019,20191,2019,2019-06,2210.904313876088
6784,via vezza,2,2019,20192,,2019-09,2046.782258064516
6791,via vittorio bottego,1,2019,20191,2019,2019-06,253.65816692268302
6792,via vittorio bottego,2,2019,20192,,2019-09,210.46756272401433
6793,via vittorio veneto,1,2019,20191,2019,2019-06,4748.8578042328045
6802,via vittorio veneto,2,2019,20192,,2019-09,4694.032915173238
6811,via william shakespeare,1,2019,20191,2019,2019-06,6080.241628264209
6831,via william shakespeare,2,2019,20192,,2019-09,5764.010394265232
6851,via xxi aprile 1945,1,2019,20191,2019,2019-06,4808.323655913979
6852,via xxi aprile 1945,2,2019,20192,,2019-09,4310.05376344086
6853,viale abramo lincoln,1,2019,20191,2019,2019-06,4869.938453661034
6876,viale abramo lincoln,2,2019,20192,,2019-09,4545.002419354839
6899,viale alcide de gasperi,1,2019,20191,2019,2019-06,14429.171356033454
6908,viale alcide de gasperi,2,2019,20192,,2019-09,14708.37962962963
6917,viale aldo moro,1,2019,20191,2019,2019-06,8273.692101894521
6932,viale aldo moro,2,2019,20192,,2019-09,7682.478046594982
6947,viale alfredo oriani,1,2019,20191,2019,2019-06,2999.5414490527396
6957,viale alfredo oriani,2,2019,20192,,2019-09,2687.150716845878
6967,viale angelo masini,1,2019,20191,2019,2019-06,8606.503814644138
6981,viale angelo masini,2,2019,20192,,2019-09,7713.922670250896
6995,viale antonio aldini,1,2019,20191,2019,2019-06,14361.328990655404
7013,viale antonio aldini,2,2019,20192,,2019-09,11949.923207885304
7031,viale antonio silvani,1,2019,20191,2019,2019-06,12717.036997567842
7040,viale antonio silvani,2,2019,20192,,2019-09,11713.791263440859
7049,viale carlo berti pichat,1,2019,20191,2019,2019-06,10982.000078938385
7054,viale carlo berti pichat,2,2019,20192,,2019-09,11770.730734767023
7059,viale carlo pepoli,1,2019,20191,2019,2019-06,14038.589580133128
7073,viale carlo pepoli,2,2019,20192,,2019-09,12925.962485065711
7087,viale del risorgimento,1,2019,20191,2019,2019-06,0.0
7090,viale del risorgimento,2,2019,20192,,2019-09,961.5270609318995
7093,viale della fiera,1,2019,20191,2019,2019-06,6682.060509472606
7098,viale della fiera,2,2019,20192,,2019-09,6273.303405017922
7103,viale della repubblica,1,2019,20191,2019,2019-06,7732.491679467486
7122,viale della repubblica,2,2019,20192,,2019-09,6640.539112903226
7141,viale enrico panzacchi,1,2019,20191,2019,2019-06,10569.626647038744
7150,viale enrico panzacchi,2,2019,20192,,2019-09,10896.417622461171
7159,viale europa,1,2019,20191,2019,2019-06,10183.8923465324
7177,viale europa,2,2019,20192,,2019-09,10726.704181600957
7195,viale gaetano salvemini,1,2019,20191,2019,2019-06,5673.801731767976
7220,viale gaetano salvemini,2,2019,20192,,2019-09,5677.124859190989
7245,viale gian battista ercolani,1,2019,20191,2019,2019-06,9664.221153353816
7246,viale gian battista ercolani,2,2019,20192,,2019-09,9518.196505376343
7247,viale giosue' carducci,1,2019,20191,2019,2019-06,12356.227833247996
7248,viale giosue' carducci,2,2019,20192,,2019-09,11380.33013739546
7249,viale giovanni gozzadini,1,2019,20191,2019,2019-06,18870.933154121863
7260,viale giovanni gozzadini,2,2019,20192,,2019-09,18713.227956989245
7271,viale giovanni vicini,1,2019,20191,2019,2019-06,15919.95416794675
7282,viale giovanni vicini,2,2019,20192,,2019-09,14654.864982078854
7293,viale ilic uljanov lenin,1,2019,20191,2019,2019-06,7695.122964669739
7312,viale ilic uljanov lenin,2,2019,20192,,2019-09,8297.817861409798
7331,viale m. karamchand gandhi,1,2019,20191,2019,2019-06,19891.745455709166
7332,viale m. karamchand gandhi,2,2019,20192,,2019-09,15844.21971326165
7333,viale orioli,1,2019,20191,2019,2019-06,1446.7825908858167
7334,viale orioli,2,2019,20192,,2019-09,752.5120071684588
7335,viale palmiro togliatti,1,2019,20191,2019,2019-06,18231.285606393096
7354,viale palmiro togliatti,2,2019,20192,,2019-09,15551.879621095752
7373,viale pietro pietramellara,1,2019,20191,2019,2019-06,13083.768983614951
7392,viale pietro pietramellara,2,2019,20192,,2019-09,14562.7255475906
7411,viale quirico filopanti,1,2019,20191,2019,2019-06,15072.0154249872
7419,viale quirico filopanti,2,2019,20192,,2019-09,16689.833870967745
7427,viale roma,1,2019,20191,2019,2019-06,17612.437301587302
7439,viale roma,2,2019,20192,,2019-09,3674.1657706093188
7451,viale sandro pertini,1,2019,20191,2019,2019-06,16694.981835637478
7467,viale sandro pertini,2,2019,20192,,2019-09,19162.79758064516
7483,viale zagabria,1,2019,20191,2019,2019-06,1379.4359062980031
7492,viale zagabria,2,2019,20192,,2019-09,1435.653046594982
7501,largo bartolo nigrisoli,1,2020,20201,2020,2020-06,999.8937492275368
7510,largo bartolo nigrisoli,2,2020,20202,,2020-09,1206.4347670250895
7519,largo card. giacomo lercaro,1,2020,20201,2020,2020-06,1757.6078111481893
7520,largo card. giacomo lercaro,2,2020,20202,,2020-09,2018.7824372759858
7521,largo mariele ventre,1,2020,20201,2020,2020-06,10501.84320232357
7522,largo mariele ventre,2,2020,20202,,2020-09,12867.870967741934
7523,largo vittime lager nazisti,1,2020,20201,2020,2020-06,875.6059077987887
7524,largo vittime lager nazisti,2,2020,20202,,2020-09,1132.999283154122
7525,mura di porta galliera,1,2020,20201,2020,2020-06,1171.515770609319
7526,mura di porta galliera,2,2020,20202,,2020-09,1601.5449820788533
7527,nome via da istituire,2,2020,20202,,2020-09,94.54489247311828
7528,p.le atleti azzurri d'italia,1,2020,20201,2020,2020-06,2124.505490668644
7529,p.le atleti azzurri d'italia,2,2020,20202,,2020-09,2543.6285842293905
7530,passaggio a. marescalchi,1,2020,20201,2020,2020-06,591.4286861945371
7531,passaggio a. marescalchi,2,2020,20202,,2020-09,698.5306451612904
7532,piazza adam mickiewicz,1,2020,20201,2020,2020-06,3809.5304474107033
7538,piazza adam mickiewicz,2,2020,20202,,2020-09,5184.23100358423
7544,piazza aldrovandi,1,2020,20201,2020,2020-06,1193.1994252873562
7547,piazza aldrovandi,2,2020,20202,,2020-09,1300.7143369175626
7550,piazza belluno,1,2020,20201,2020,2020-06,1631.1307656655542
7557,piazza belluno,2,2020,20202,,2020-09,2008.515770609319
7564,piazza della costituzione,1,2020,20201,2020,2020-06,292.2907736991719
7581,piazza della costituzione,2,2020,20202,,2020-09,180.52544802867385
7598,piazza delle medaglie d'oro,1,2020,20201,2020,2020-06,3331.0501359535283
7599,piazza delle medaglie d'oro,2,2020,20202,,2020-09,4500.563978494624
7600,piazza di porta castiglione,1,2020,20201,2020,2020-06,1396.464491410209
7614,piazza di porta castiglione,2,2020,20202,,2020-09,1811.9602150537632
7628,piazza di porta s.isaia,1,2020,20201,2020,2020-06,4036.181158076876
7629,piazza di porta s.isaia,2,2020,20202,,2020-09,4844.937096774193
7630,piazza di porta s.mamolo,1,2020,20201,2020,2020-06,7744.608475466568
7631,piazza di porta s.mamolo,2,2020,20202,,2020-09,9077.136917562724
7632,piazza di porta s.vitale,1,2020,20201,2020,2020-06,12246.500284266469
7633,piazza di porta s.vitale,2,2020,20202,,2020-09,14077.037455197133
7634,piazza malpighi,1,2020,20201,2020,2020-06,3736.1931127178345
7643,piazza malpighi,2,2020,20202,,2020-09,4156.473028673835
7652,piazza porta ravegnana,1,2020,20201,2020,2020-06,598.8528797429243
7653,piazza porta ravegnana,2,2020,20202,,2020-09,670.1899641577061
7654,piazza renzo imbeni,1,2020,20201,2020,2020-06,510.00103819058216
7655,piazza renzo imbeni,2,2020,20202,,2020-09,569.5550179211469
7656,piazza trento e trieste,1,2020,20201,2020,2020-06,3412.1486940221644
7672,piazza trento e trieste,2,2020,20202,,2020-09,3535.7302867383514
7688,piazza xx settembre,1,2020,20201,2020,2020-06,8915.042073497301
7689,piazza xx settembre,2,2020,20202,,2020-09,8765.286320191159
7690,strada maggiore,1,2020,20201,2020,2020-06,2377.2799159560004
7700,strada maggiore,2,2020,20202,,2020-09,2644.313918757467
7710,tangenziale casalecchio-san lazzaro,1,2020,20201,2020,2020-06,1771.360876282289
7711,tangenziale casalecchio-san lazzaro,2,2020,20202,,2020-09,2124.8917562724014
7712,tangenziale san lazzaro-casalecchio,1,2020,20201,2020,2020-06,2190.4881411444817
7713,tangenziale san lazzaro-casalecchio,2,2020,20202,,2020-09,2847.3685483870963
7714,via adige,1,2020,20201,2020,2020-06,998.3999382029415
7723,via adige,2,2020,20202,,2020-09,1113.5310035842294
7732,via agucchi,1,2020,20201,2020,2020-06,452.26971326164875
7767,via agucchi,2,2020,20202,,2020-09,1852.6741935483872
7802,via alberto calda,1,2020,20201,2020,2020-06,1824.0885675441848
7810,via alberto calda,2,2020,20202,,2020-09,2083.1272401433694
7818,via alberto dallolio,1,2020,20201,2020,2020-06,2599.4036274873315
7832,via alberto dallolio,2,2020,20202,,2020-09,2927.7940860215053
7846,via alberto mario,1,2020,20201,2020,2020-06,2376.537671486837
7858,via alberto mario,2,2020,20202,,2020-09,2748.928181003584
7870,via alessandro guidotti,1,2020,20201,2020,2020-06,1499.0149919663825
7875,via alessandro guidotti,2,2020,20202,,2020-09,1781.5632616487455
7880,via alessandro tiarini,1,2020,20201,2020,2020-06,2238.0543237341903
7890,via alessandro tiarini,2,2020,20202,,2020-09,2819.540860215054
7900,via alfonso lombardi,1,2020,20201,2020,2020-06,1888.0583796811272
7903,via alfonso lombardi,2,2020,20202,,2020-09,2219.3405017921145
7906,via alfonso rubbiani,1,2020,20201,2020,2020-06,2553.3009825732292
7909,via alfonso rubbiani,2,2020,20202,,2020-09,2297.6600358422943
7912,via alfonso torreggiani,1,2020,20201,2020,2020-06,2709.8374613768387
7914,via alfonso torreggiani,2,2020,20202,,2020-09,3119.426523297491
7916,via amedeo parmeggiani,1,2020,20201,2020,2020-06,2396.294045853417
7918,via amedeo parmeggiani,2,2020,20202,,2020-09,2873.794623655914
7920,via amilcare ponchielli,1,2020,20201,2020,2020-06,3701.635873192436
7929,via amilcare ponchielli,2,2020,20202,,2020-09,4191.745340501792
7938,via andrea costa,1,2020,20201,2020,2020-06,5124.27464621184
7999,via andrea costa,2,2020,20202,,2020-09,5714.974708781362
8060,via antonio cavalieri ducati,1,2020,20201,2020,2020-06,5553.762909405512
8074,via antonio cavalieri ducati,2,2020,20202,,2020-09,5892.06523297491
8088,via antonio giuriolo,1,2020,20201,2020,2020-06,1978.5178871585713
8090,via antonio giuriolo,2,2020,20202,,2020-09,2357.28252688172
8092,via antonio labriola,1,2020,20201,2020,2020-06,941.2378136200717
8095,via antonio labriola,2,2020,20202,,2020-09,1075.3698924731184
8098,via antonio vivaldi,1,2020,20201,2020,2020-06,332.7026572735138
8099,via antonio vivaldi,2,2020,20202,,2020-09,378.93279569892474
8100,via arcangelo corelli,1,2020,20201,2020,2020-06,2529.0477320479545
8112,via arcangelo corelli,2,2020,20202,,2020-09,2995.5440860215053
8124,via aristotile fioravanti,1,2020,20201,2020,2020-06,4732.350439995056
8143,via aristotile fioravanti,2,2020,20202,,2020-09,5281.847491039426
8162,via arno,1,2020,20201,2020,2020-06,3820.298028673835
8180,via arno,2,2020,20202,,2020-09,4944.413927291346
8198,via augusto murri,1,2020,20201,2020,2020-06,6202.872830080561
8258,via augusto murri,2,2020,20202,,2020-09,7013.616226783968
8318,via augusto romagnoli,1,2020,20201,2020,2020-06,949.8388765294773
8324,via augusto romagnoli,2,2020,20202,,2020-09,1064.0308243727598
8330,via aurelio saffi,1,2020,20201,2020,2020-06,7319.5036635356155
8344,via aurelio saffi,2,2020,20202,,2020-09,4640.636947431302
8358,via azzurra,1,2020,20201,2020,2020-06,5598.8121802002215
8371,via azzurra,2,2020,20202,,2020-09,6673.618458781362
8384,via bassa dei sassi,1,2020,20201,2020,2020-06,1401.6777901371895
8390,via bassa dei sassi,2,2020,20202,,2020-09,2685.3440860215055
8396,via battindarno,1,2020,20201,2020,2020-06,4570.560752688172
8456,via battindarno,2,2020,20202,,2020-09,4580.828494623656
8516,via bellaria,1,2020,20201,2020,2020-06,1517.563534438618
8536,via bellaria,2,2020,20202,,2020-09,1852.369329237071
8556,via benedetto marcello,1,2020,20201,2020,2020-06,3375.4739695340504
8567,via benedetto marcello,2,2020,20202,,2020-09,4719.675268817205
8578,via borgonuovo,1,2020,20201,2020,2020-06,1025.8609689778766
8579,via borgonuovo,2,2020,20202,,2020-09,1367.050358422939
8580,via cadriano,1,2020,20201,2020,2020-06,795.8091444197256
8608,via cadriano,2,2020,20202,,2020-09,933.422311827957
8636,via caduti di amola,1,2020,20201,2020,2020-06,1606.2377023853667
8650,via caduti di amola,2,2020,20202,,2020-09,1893.0994623655913
8664,via caduti di casteldebole,1,2020,20201,2020,2020-06,877.995668026202
8682,via caduti di casteldebole,2,2020,20202,,2020-09,1014.1317204301075
8700,via calabria,1,2020,20201,2020,2020-06,1551.712075145223
8731,via calabria,2,2020,20202,,2020-09,1768.0170250896056
8762,via calamosco,1,2020,20201,2020,2020-06,2192.185669262143
8774,via calamosco,2,2020,20202,,2020-09,2547.927240143369
8786,via camillo casarini,1,2020,20201,2020,2020-06,753.1641947843283
8805,via camillo casarini,2,2020,20202,,2020-09,494.3078853046595
8824,via camillo ranzani,1,2020,20201,2020,2020-06,6165.418607094302
8828,via camillo ranzani,2,2020,20202,,2020-09,6983.690860215054
8832,via capo di lucca,1,2020,20201,2020,2020-06,385.18589173155357
8837,via capo di lucca,2,2020,20202,,2020-09,528.9566308243728
8842,via cardinale g. de albornoz,1,2020,20201,2020,2020-06,1828.0571746384874
8843,via cardinale g. de albornoz,2,2020,20202,,2020-09,3675.7639784946236
8844,via carlo alberto pizzardi,1,2020,20201,2020,2020-06,1192.4229143492769
8853,via carlo alberto pizzardi,2,2020,20202,,2020-09,1359.9089605734769
8862,via carlo sigonio,1,2020,20201,2020,2020-06,2202.1519816256746
8876,via carlo sigonio,2,2020,20202,,2020-09,2604.2471923536436
8890,via casteldebole,1,2020,20201,2020,2020-06,2169.370145841058
8917,via casteldebole,2,2020,20202,,2020-09,2342.3229390681004
8944,via castiglione,1,2020,20201,2020,2020-06,3396.875962489186
8973,via castiglione,2,2020,20202,,2020-09,4048.77311827957
9002,via cesare battisti,1,2020,20201,2020,2020-06,1741.89204053887
9005,via cesare battisti,2,2020,20202,,2020-09,2069.748028673835
9008,via cesare boldrini,1,2020,20201,2020,2020-06,1142.87312614465
9011,via cesare boldrini,2,2020,20202,,2020-09,1861.220340501792
9014,via cesare gnudi,1,2020,20201,2020,2020-06,2646.708398220245
9017,via cesare gnudi,2,2020,20202,,2020-09,3075.7437275985662
9020,via cesare pavese,1,2020,20201,2020,2020-06,1182.614373995798
9027,via cesare pavese,2,2020,20202,,2020-09,1820.800358422939
9034,via cimabue,1,2020,20201,2020,2020-06,567.6530651340996
9038,via cimabue,2,2020,20202,,2020-09,648.8340501792114
9042,via cleto tomba,1,2020,20201,2020,2020-06,522.9120936843407
9045,via cleto tomba,2,2020,20202,,2020-09,405.51935483870966
9048,via colombarola,1,2020,20201,2020,2020-06,975.7054319614386
9056,via colombarola,2,2020,20202,,2020-09,1167.2663082437275
9064,via cracovia,1,2020,20201,2020,2020-06,1046.3265912742554
9078,via cracovia,2,2020,20202,,2020-09,1295.962724014337
9092,via croce di camaldoli,1,2020,20201,2020,2020-06,675.2249165739711
9099,via croce di camaldoli,2,2020,20202,,2020-09,891.6073476702509
9106,via d'azeglio,1,2020,20201,2020,2020-06,1577.4646798912372
9107,via d'azeglio,2,2020,20202,,2020-09,1710.116577060932
9108,via dante,1,2020,20201,2020,2020-06,2327.2356198244966
9109,via dante,2,2020,20202,,2020-09,2770.6666666666665
9110,via de' carracci,1,2020,20201,2020,2020-06,5560.861973180076
9123,via de' carracci,2,2020,20202,,2020-09,5306.839607353606
9136,via degli orti,1,2020,20201,2020,2020-06,6820.809700372548
9165,via degli orti,2,2020,20202,,2020-09,8090.91472094214
9194,via degli ortolani,1,2020,20201,2020,2020-06,9050.053817513288
9205,via degli ortolani,2,2020,20202,,2020-09,10409.092921146954
9216,via dei lamponi,1,2020,20201,2020,2020-06,1829.5027932270425
9229,via dei lamponi,2,2020,20202,,2020-09,1485.900448028674
9242,via dei mille,1,2020,20201,2020,2020-06,3522.583376591274
9245,via dei mille,2,2020,20202,,2020-09,4057.7292114695338
9248,via del borgo di s.pietro,1,2020,20201,2020,2020-06,922.9896891607959
9249,via del borgo di s.pietro,2,2020,20202,,2020-09,1106.584229390681
9250,via del dazio,1,2020,20201,2020,2020-06,4709.465331850203
9268,via del dazio,2,2020,20202,,2020-09,5098.841109119872
9286,via del lavoro,1,2020,20201,2020,2020-06,3765.871179911836
9295,via del lavoro,2,2020,20202,,2020-09,4410.1239545997605
9304,via del pallone,1,2020,20201,2020,2020-06,2510.9900692127053
9305,via del pallone,2,2020,20202,,2020-09,3262.8878136200715
9306,via del pilastro,1,2020,20201,2020,2020-06,753.2433135582746
9326,via del pilastro,2,2020,20202,,2020-09,1717.6320788530466
9346,via del pozzo,1,2020,20201,2020,2020-06,979.0219441354592
9356,via del pozzo,2,2020,20202,,2020-09,1246.0224014336918
9366,via del timavo,1,2020,20201,2020,2020-06,2837.3033185020395
9376,via del timavo,2,2020,20202,,2020-09,3163.6081093189964
9386,via del triumvirato,1,2020,20201,2020,2020-06,4752.77737918675
9465,via del triumvirato,2,2020,20202,,2020-09,4893.112007168459
9544,via dell'angelo custode,1,2020,20201,2020,2020-06,1014.3864293659622
9562,via dell'angelo custode,2,2020,20202,,2020-09,1149.6437275985663
9580,via dell'artigiano,1,2020,20201,2020,2020-06,7457.224082313682
9582,via dell'artigiano,2,2020,20202,,2020-09,9456.789695340502
9584,via dell'indipendenza,1,2020,20201,2020,2020-06,2517.275684917398
9589,via dell'indipendenza,2,2020,20202,,2020-09,2833.665173237754
9594,via della barca,1,2020,20201,2020,2020-06,4442.316724755902
9634,via della barca,2,2020,20202,,2020-09,4271.050675634801
9674,via della certosa,1,2020,20201,2020,2020-06,1038.1095414658262
9678,via della certosa,2,2020,20202,,2020-09,1102.4562724014338
9682,via della croce coperta,1,2020,20201,2020,2020-06,2620.211438635521
9708,via della croce coperta,2,2020,20202,,2020-09,3041.3795698924732
9734,via della crocetta,1,2020,20201,2020,2020-06,622.0589605734767
9736,via della crocetta,2,2020,20202,,2020-09,768.6867383512545
9738,via della direttissima,1,2020,20201,2020,2020-06,1346.5307811148189
9741,via della direttissima,2,2020,20202,,2020-09,1569.3921146953405
9744,via della foscherara,1,2020,20201,2020,2020-06,4517.567334074898
9748,via della foscherara,2,2020,20202,,2020-09,6462.2519713261645
9752,via della liberazione,1,2020,20201,2020,2020-06,5395.397407613397
9756,via della liberazione,2,2020,20202,,2020-09,6189.769802867384
9760,via della pietra,1,2020,20201,2020,2020-06,3973.5958163391424
9777,via della pietra,2,2020,20202,,2020-09,4303.760215053763
9794,via della salute,1,2020,20201,2020,2020-06,2389.769419725621
9844,via della salute,2,2020,20202,,2020-09,2354.6509856630823
9894,via delle armi,2,2020,20202,,2020-09,725.0297491039427
9898,via delle lame,1,2020,20201,2020,2020-06,4339.472632142711
9909,via delle lame,2,2020,20202,,2020-09,6473.316129032258
9920,via di casaglia,1,2020,20201,2020,2020-06,1346.9677944629836
9946,via di casaglia,2,2020,20202,,2020-09,1447.5792114695341
9972,via di corticella,1,2020,20201,2020,2020-06,4575.26777564297
10057,via di corticella,2,2020,20202,,2020-09,6167.502851091561
10142,via di s.luca,1,2020,20201,2020,2020-06,1000.9282103571869
10143,via di s.luca,2,2020,20202,,2020-09,1235.6460573476704
10144,via di saliceto,1,2020,20201,2020,2020-06,2681.1430910888644
10165,via di saliceto,2,2020,20202,,2020-09,2990.15770609319
10186,via dionisio calvart,1,2020,20201,2020,2020-06,1705.4213323445804
10188,via dionisio calvart,2,2020,20202,,2020-09,1149.0569892473118
10190,via domenico biancolelli,1,2020,20201,2020,2020-06,1949.8999382029415
10204,via domenico biancolelli,2,2020,20202,,2020-09,1963.058064516129
10218,via domenico zampieri,1,2020,20201,2020,2020-06,1205.6577308120134
10221,via domenico zampieri,2,2020,20202,,2020-09,1517.051433691756
10224,via don giovanni minzoni,1,2020,20201,2020,2020-06,4423.071795822519
10235,via don giovanni minzoni,2,2020,20202,,2020-09,5378.44211469534
10246,via don luigi sturzo,1,2020,20201,2020,2020-06,4118.342097701149
10265,via don luigi sturzo,2,2020,20202,,2020-09,4768.845071684587
10284,via donato creti,1,2020,20201,2020,2020-06,7814.577425534543
10298,via donato creti,2,2020,20202,,2020-09,8846.71335125448
10312,via duccio di boninsegna,1,2020,20201,2020,2020-06,841.2855333086145
10316,via duccio di boninsegna,2,2020,20202,,2020-09,411.01792114695337
10320,via due madonne,1,2020,20201,2020,2020-06,4244.830842911878
10350,via due madonne,2,2020,20202,,2020-09,4913.449775985663
10380,via edoardo ferravilla,1,2020,20201,2020,2020-06,2736.6320479545175
10386,via edoardo ferravilla,2,2020,20202,,2020-09,3167.544265232975
10392,via emilia levante,1,2020,20201,2020,2020-06,4210.752363737486
10457,via emilia levante,2,2020,20202,,2020-09,4540.339569892473
10522,via emilia ponente,1,2020,20201,2020,2020-06,5290.168036913443
10590,via emilia ponente,2,2020,20202,,2020-09,5987.933859020311
10658,via emilio salgari,1,2020,20201,2020,2020-06,871.1496539364725
10664,via emilio salgari,2,2020,20202,,2020-09,1053.200716845878
10670,via enrico mattei,1,2020,20201,2020,2020-06,6284.626663370823
10715,via enrico mattei,2,2020,20202,,2020-09,6089.075866188769
10760,via ermanno galeotti,1,2020,20201,2020,2020-06,7242.5226671610435
10761,via ermanno galeotti,2,2020,20202,,2020-09,9991.05358422939
10762,via ermete novelli,1,2020,20201,2020,2020-06,1415.9391731553578
10767,via ermete novelli,2,2020,20202,,2020-09,1619.1064516129034
10772,via ermete zacconi,1,2020,20201,2020,2020-06,3244.9577740699547
10773,via ermete zacconi,2,2020,20202,,2020-09,3798.2750896057346
10774,via ernesto masi,1,2020,20201,2020,2020-06,2770.668445539135
10786,via ernesto masi,2,2020,20202,,2020-09,3345.8956989247313
10798,via farini,1,2020,20201,2020,2020-06,0.0
10799,via farini,2,2020,20202,,2020-09,21.59426523297491
10800,via faustino malaguti,1,2020,20201,2020,2020-06,7038.853621307626
10810,via faustino malaguti,2,2020,20202,,2020-09,7902.419175627241
10820,via felice battaglia,1,2020,20201,2020,2020-06,256.68659621802004
10826,via felice battaglia,2,2020,20202,,2020-09,915.6940860215054
10832,via ferrarese,1,2020,20201,2020,2020-06,4027.874561858855
10914,via ferrarese,2,2020,20202,,2020-09,4112.9979928315415
10996,via ferruccio parri,1,2020,20201,2020,2020-06,1223.505178593499
11001,via ferruccio parri,2,2020,20202,,2020-09,1761.991935483871
11006,via filippo beroaldo,1,2020,20201,2020,2020-06,2218.379015778849
11023,via filippo beroaldo,2,2020,20202,,2020-09,2582.5593787335724
11040,via filippo de pisis,1,2020,20201,2020,2020-06,4265.858966753182
11050,via filippo de pisis,2,2020,20202,,2020-09,5197.574193548387
11060,via filippo schiassi,1,2020,20201,2020,2020-06,1043.755660610555
11071,via filippo schiassi,2,2020,20202,,2020-09,1249.098476702509
11082,via firenze,1,2020,20201,2020,2020-06,4594.336293412433
11097,via firenze,2,2020,20202,,2020-09,5543.25017921147
11112,via francesca e.de giovanni,1,2020,20201,2020,2020-06,1378.70160672352
11113,via francesca e.de giovanni,2,2020,20202,,2020-09,1271.5048387096774
11114,via francesco barbieri,1,2020,20201,2020,2020-06,3482.305767725456
11115,via francesco barbieri,2,2020,20202,,2020-09,4098.048148148148
11116,via francesco cavazzoni,1,2020,20201,2020,2020-06,2563.242753264945
11132,via francesco cavazzoni,2,2020,20202,,2020-09,2918.676762246117
11148,via francesco roncati,1,2020,20201,2020,2020-06,1060.7871832900753
11160,via francesco roncati,2,2020,20202,,2020-09,1308.0358422939069
11172,via francesco zanardi,1,2020,20201,2020,2020-06,6957.420197132616
11246,via francesco zanardi,2,2020,20202,,2020-09,7827.8832031590255
11320,via franco bolognese,1,2020,20201,2020,2020-06,8188.222722778395
11323,via franco bolognese,2,2020,20202,,2020-09,7725.742652329748
11326,via g.battista de rolandis,1,2020,20201,2020,2020-06,389.54363490297857
11327,via g.battista de rolandis,2,2020,20202,,2020-09,488.3849462365592
11328,via galeazza,1,2020,20201,2020,2020-06,1282.54342479298
11336,via galeazza,2,2020,20202,,2020-09,1474.8905017921145
11344,via galliera,1,2020,20201,2020,2020-06,1218.5235508589792
11350,via galliera,2,2020,20202,,2020-09,1454.7306451612903
11356,via garibaldi,1,2020,20201,2020,2020-06,1818.591129032258
11357,via garibaldi,2,2020,20202,,2020-09,2144.6594982078855
11358,via gaspare tagliacozzi,1,2020,20201,2020,2020-06,3329.7935576566556
11368,via gaspare tagliacozzi,2,2020,20202,,2020-09,3870.290501792115
11378,via genova,1,2020,20201,2020,2020-06,1904.3648096650602
11389,via genova,2,2020,20202,,2020-09,2260.639605734767
11400,via genuzio bentini,1,2020,20201,2020,2020-06,3863.6615169117954
11419,via genuzio bentini,2,2020,20202,,2020-09,3747.610842293907
11438,via gherardo forni,1,2020,20201,2020,2020-06,2072.651977505871
11444,via gherardo forni,2,2020,20202,,2020-09,2591.7569892473116
11450,via giacomo matteotti,1,2020,20201,2020,2020-06,4712.581756272401
11460,via giacomo matteotti,2,2020,20202,,2020-09,5288.819892473118
11470,via gian giacomo carissimi,1,2020,20201,2020,2020-06,364.44187368681247
11480,via gian giacomo carissimi,2,2020,20202,,2020-09,722.5
11490,via giovan battista gandino,1,2020,20201,2020,2020-06,2108.1628723272775
11502,via giovan battista gandino,2,2020,20202,,2020-09,2418.736200716846
11514,via giovanna zaccherini alvisi,1,2020,20201,2020,2020-06,2204.1210449882587
11518,via giovanna zaccherini alvisi,2,2020,20202,,2020-09,2896.743279569893
11522,via giovanni amendola,1,2020,20201,2020,2020-06,2637.963085527129
11529,via giovanni amendola,2,2020,20202,,2020-09,3126.1313620071687
11536,via giovanni casoni,1,2020,20201,2020,2020-06,1898.983117043629
11540,via giovanni casoni,2,2020,20202,,2020-09,2317.737992831541
11544,via giovanni marchetti,1,2020,20201,2020,2020-06,1648.4285564207141
11552,via giovanni marchetti,2,2020,20202,,2020-09,1730.1646953405018
11560,via giuseppe bentivogli,1,2020,20201,2020,2020-06,2426.0696782433156
11570,via giuseppe bentivogli,2,2020,20202,,2020-09,2870.828912783751
11580,via giuseppe dagnini,1,2020,20201,2020,2020-06,3363.316615169118
11605,via giuseppe dagnini,2,2020,20202,,2020-09,3818.199940262843
11630,via giuseppe dozza,1,2020,20201,2020,2020-06,6450.436913630184
11653,via giuseppe dozza,2,2020,20202,,2020-09,7838.190273704789
11676,via giuseppe massarenti,1,2020,20201,2020,2020-06,6728.285873192435
11747,via giuseppe massarenti,2,2020,20202,,2020-09,7876.6483034647545
11818,via giuseppe mazza,1,2020,20201,2020,2020-06,5431.465257693734
11819,via giuseppe mazza,2,2020,20202,,2020-09,6391.45788530466
11820,via giuseppe mezzofanti,1,2020,20201,2020,2020-06,4713.8660177975535
11833,via giuseppe mezzofanti,2,2020,20202,,2020-09,5597.043548387097
11846,via giuseppe petroni,1,2020,20201,2020,2020-06,1929.4637807440365
11847,via giuseppe petroni,2,2020,20202,,2020-09,1651.6051971326162
11848,via giuseppe ruggi,1,2020,20201,2020,2020-06,1678.1311024595232
11856,via giuseppe ruggi,2,2020,20202,,2020-09,1911.0062724014335
11864,via giuseppe saragat,1,2020,20201,2020,2020-06,3819.1875417130145
11873,via giuseppe saragat,2,2020,20202,,2020-09,606.1075268817204
11882,via guerrazzi,1,2020,20201,2020,2020-06,2060.792015820047
11884,via guerrazzi,2,2020,20202,,2020-09,2316.6716845878136
11886,via guglielmo marconi,1,2020,20201,2020,2020-06,2595.9292077617106
11918,via guglielmo marconi,2,2020,20202,,2020-09,2996.33541218638
11950,via innocenzo malvasia,1,2020,20201,2020,2020-06,5577.834348864994
11960,via innocenzo malvasia,2,2020,20202,,2020-09,6644.299940262844
11970,via irma bandiera,1,2020,20201,2020,2020-06,3712.302379186751
11981,via irma bandiera,2,2020,20202,,2020-09,4357.277150537634
11992,via irnerio,1,2020,20201,2020,2020-06,4187.0833814754
12019,via irnerio,2,2020,20202,,2020-09,5124.913142174432
12046,via isabella andreini,1,2020,20201,2020,2020-06,4296.602134058418
12069,via isabella andreini,2,2020,20202,,2020-09,5027.213918757468
12092,via jacopo della quercia (parcheggio salesiani),1,2020,20201,2020,2020-06,0.0
12093,via larga,1,2020,20201,2020,2020-06,5338.970473365468
12144,via larga,2,2020,20202,,2020-09,8367.53987455197
12195,via laura bassi veratti,1,2020,20201,2020,2020-06,2511.6087338758466
12215,via laura bassi veratti,2,2020,20202,,2020-09,3295.5143070489844
12235,via leandro alberti,1,2020,20201,2020,2020-06,3026.1885136924625
12252,via leandro alberti,2,2020,20202,,2020-09,3046.8835381464414
12269,via libia,1,2020,20201,2020,2020-06,4993.9482799818725
12286,via libia,2,2020,20202,,2020-09,5836.913142174432
12303,via lippo di dalmasio,1,2020,20201,2020,2020-06,241.2514645902855
12305,via lippo di dalmasio,2,2020,20202,,2020-09,273.3831541218638
12307,via lombardia,1,2020,20201,2020,2020-06,1004.9542742965435
12325,via lombardia,2,2020,20202,,2020-09,1269.875955794504
12343,via luca signorelli,1,2020,20201,2020,2020-06,2566.0377456433075
12350,via luca signorelli,2,2020,20202,,2020-09,2862.9636200716845
12357,via luigi calori,1,2020,20201,2020,2020-06,2677.3249783710294
12368,via luigi calori,2,2020,20202,,2020-09,984.6553763440861
12379,via luigi longo,1,2020,20201,2020,2020-06,1677.656851233881
12385,via luigi longo,2,2020,20202,,2020-09,1818.0115292712064
12391,via luigi pirandello,1,2020,20201,2020,2020-06,3028.2234612532443
12407,via luigi pirandello,2,2020,20202,,2020-09,3669.2809139784945
12423,via luigi valeriani,1,2020,20201,2020,2020-06,924.531417624521
12428,via luigi valeriani,2,2020,20202,,2020-09,1082.223835125448
12433,via malpertuso,1,2020,20201,2020,2020-06,792.7099369670003
12436,via malpertuso,2,2020,20202,,2020-09,964.3068100358423
12439,via marcantonio franceschini,1,2020,20201,2020,2020-06,3967.5014707699916
12444,via marcantonio franceschini,2,2020,20202,,2020-09,4872.043727598567
12449,via marco emilio lepido,1,2020,20201,2020,2020-06,3934.810116950933
12528,via marco emilio lepido,2,2020,20202,,2020-09,4240.658176523298
12607,via marco polo,1,2020,20201,2020,2020-06,10181.570533102624
12633,via marco polo,2,2020,20202,,2020-09,11795.551493428911
12659,via marsili,1,2020,20201,2020,2020-06,2921.526442961315
12661,via marsili,2,2020,20202,,2020-09,3195.0550179211473
12663,via marzabotto,1,2020,20201,2020,2020-06,2598.391575824991
12688,via marzabotto,2,2020,20202,,2020-09,3103.27376344086
12713,via mascarella,1,2020,20201,2020,2020-06,1447.5932517612162
12717,via mascarella,2,2020,20202,,2020-09,2332.7405017921146
12721,via massenzio masia,1,2020,20201,2020,2020-06,1400.865653194908
12722,via massenzio masia,2,2020,20202,,2020-09,1507.1750896057347
12723,via matteotti,1,2020,20201,2020,2020-06,0.0
12724,via mazzini,1,2020,20201,2020,2020-06,5255.551175998023
12725,via mazzini,2,2020,20202,,2020-09,6140.382956989248
12726,via michelino,1,2020,20201,2020,2020-06,4095.1747806204426
12760,via michelino,2,2020,20202,,2020-09,4772.271326164874
12794,via milano,1,2020,20201,2020,2020-06,376.1438635520949
12802,via milano,2,2020,20202,,2020-09,774.3569892473118
12810,via mondo,1,2020,20201,2020,2020-06,3593.9817018909903
12824,via mondo,2,2020,20202,,2020-09,4732.604838709677
12838,via montefiorino,1,2020,20201,2020,2020-06,6561.480660610555
12850,via montefiorino,2,2020,20202,,2020-09,3951.601344086022
12862,via niccolo' machiavelli,1,2020,20201,2020,2020-06,800.3884810283031
12863,via niccolo' machiavelli,2,2020,20202,,2020-09,970.063082437276
12864,via nicolo' dall'arca,1,2020,20201,2020,2020-06,2509.720229267087
12865,via nicolo' dall'arca,2,2020,20202,,2020-09,2699.910035842294
12866,via normandia,1,2020,20201,2020,2020-06,1689.9805710048201
12873,via normandia,2,2020,20202,,2020-09,1796.223835125448
12880,via nosadella,1,2020,20201,2020,2020-06,5335.105913978495
12882,via nosadella,2,2020,20202,,2020-09,6293.427598566308
12884,via olindo guerrini,1,2020,20201,2020,2020-06,495.1331726609813
12886,via olindo guerrini,2,2020,20202,,2020-09,594.753046594982
12888,via orazio samacchini,1,2020,20201,2020,2020-06,337.7078729452478
12890,via orazio samacchini,2,2020,20202,,2020-09,426.7060931899641
12892,via osoppo,1,2020,20201,2020,2020-06,308.4369978989
12898,via osoppo,2,2020,20202,,2020-09,467.89946236559143
12904,via paganino bonafede,1,2020,20201,2020,2020-06,0.0
12905,via paganino bonafede,2,2020,20202,,2020-09,297.297311827957
12906,via panigale,1,2020,20201,2020,2020-06,2561.7662588060807
12924,via panigale,2,2020,20202,,2020-09,2898.090322580645
12942,via paolo bovi campeggi,2,2020,20202,,2020-09,1753.853785842294
12957,via parisio,1,2020,20201,2020,2020-06,2302.215915832406
12969,via parisio,2,2020,20202,,2020-09,2639.9603046594984
12981,via pasubio,1,2020,20201,2020,2020-06,2329.799119391917
13001,via pasubio,2,2020,20202,,2020-09,2891.5017025089605
13021,via pelagio palagi,1,2020,20201,2020,2020-06,7323.803400898117
13034,via pelagio palagi,2,2020,20202,,2020-09,6729.178554360812
13047,via pellegrino tibaldi,1,2020,20201,2020,2020-06,5131.155895439377
13050,via pellegrino tibaldi,2,2020,20202,,2020-09,6949.837634408602
13053,via persicetana,1,2020,20201,2020,2020-06,5019.185693980967
13091,via persicetana,2,2020,20202,,2020-09,5632.0560931899645
13129,via pier luigi da palestrina,1,2020,20201,2020,2020-06,721.1945989370906
13142,via pier luigi da palestrina,2,2020,20202,,2020-09,866.9267025089606
13155,via pietro albertoni,1,2020,20201,2020,2020-06,2367.065044493882
13160,via pietro albertoni,2,2020,20202,,2020-09,3271.963888888889
13165,via pietro de coubertin,1,2020,20201,2020,2020-06,1351.265575948585
13171,via pietro de coubertin,2,2020,20202,,2020-09,1792.758512544803
13177,via pietro mascagni,1,2020,20201,2020,2020-06,1855.2582004696578
13185,via pietro mascagni,2,2020,20202,,2020-09,2153.5175627240146
13193,via pietro mengoli,1,2020,20201,2020,2020-06,2378.3876442961314
13209,via pietro mengoli,2,2020,20202,,2020-09,3204.6772876210343
13225,via pietro nenni,1,2020,20201,2020,2020-06,1740.2040353479176
13232,via pietro nenni,2,2020,20202,,2020-09,2030.691218637993
13239,via pietro pomponazzi,1,2020,20201,2020,2020-06,1045.4286367568905
13241,via pietro pomponazzi,2,2020,20202,,2020-09,1235.4645161290323
13243,via po,1,2020,20201,2020,2020-06,6601.95208456636
13252,via po,2,2020,20202,,2020-09,9045.784086021506
13261,via porrettana,1,2020,20201,2020,2020-06,2477.2212005108554
13300,via porrettana,2,2020,20202,,2020-09,2998.293428912784
13339,via prati di caprara,1,2020,20201,2020,2020-06,11480.438292547275
13351,via prati di caprara,2,2020,20202,,2020-09,13507.185573476701
13363,via ravenna,1,2020,20201,2020,2020-06,379.37296996662957
13367,via ravenna,2,2020,20202,,2020-09,477.29103942652335
13371,via rialto,1,2020,20201,2020,2020-06,0.8172043010752689
13374,via rialto,2,2020,20202,,2020-09,643.7974910394265
13377,via rimesse,1,2020,20201,2020,2020-06,2932.9247682610307
13392,via rimesse,2,2020,20202,,2020-09,3146.0374551971327
13407,via riva di reno,1,2020,20201,2020,2020-06,2386.495809129485
13424,via riva di reno,2,2020,20202,,2020-09,2995.2158004778976
13441,via rizzoli,1,2020,20201,2020,2020-06,1758.039395624768
13442,via rizzoli,2,2020,20202,,2020-09,1998.6175627240143
13443,via roberto ardigo',1,2020,20201,2020,2020-06,179.86514645902855
13444,via roberto ardigo',2,2020,20202,,2020-09,284.84516129032255
13445,via romolo amaseo,1,2020,20201,2020,2020-06,9518.27131998517
13447,via romolo amaseo,2,2020,20202,,2020-09,9331.804480286739
13449,via ruggero ruggeri,1,2020,20201,2020,2020-06,1875.874477814856
13457,via ruggero ruggeri,2,2020,20202,,2020-09,2192.813440860215
13465,via s.anna,1,2020,20201,2020,2020-06,1150.1944815226796
13466,via s.anna,2,2020,20202,,2020-09,1274.1888888888889
13467,via s.donato,1,2020,20201,2020,2020-06,4728.8120741944995
13468,via s.donato,2,2020,20202,,2020-09,5420.637923904053
13469,via s.felice,1,2020,20201,2020,2020-06,2564.5215321550695
13470,via s.felice,2,2020,20202,,2020-09,1726.7193548387097
13471,via s.isaia,1,2020,20201,2020,2020-06,1110.3111172908168
13472,via s.isaia,2,2020,20202,,2020-09,1275.4437275985663
13473,via s.mamolo,1,2020,20201,2020,2020-06,4125.365997713509
13474,via s.mamolo,2,2020,20202,,2020-09,4683.58938172043
13475,via s.nicolo' di villola,1,2020,20201,2020,2020-06,242.37732665925103
13476,via s.nicolo' di villola,2,2020,20202,,2020-09,298.01756272401434
13477,via s.stefano,1,2020,20201,2020,2020-06,3085.7501256540186
13478,via s.stefano,2,2020,20202,,2020-09,4062.0382317801673
13479,via s.vitale,1,2020,20201,2020,2020-06,4483.180886169818
13480,via s.vitale,2,2020,20202,,2020-09,6113.760931899641
13481,via sabotino,1,2020,20201,2020,2020-06,15013.788808552714
13490,via sabotino,2,2020,20202,,2020-09,17945.92804659498
13499,via san giacomo,1,2020,20201,2020,2020-06,0.0
13501,via sante vincenzi,1,2020,20201,2020,2020-06,3508.803553330861
13521,via sante vincenzi,2,2020,20202,,2020-09,3986.8179211469537
13541,via saragozza,1,2020,20201,2020,2020-06,3926.8542400506735
13586,via saragozza,2,2020,20202,,2020-09,4731.124708781362
13631,via sardegna,1,2020,20201,2020,2020-06,1370.8749814608825
13639,via sardegna,2,2020,20202,,2020-09,1578.9407706093189
13647,via sebastiano serlio,1,2020,20201,2020,2020-06,1856.7944135459154
13654,via sebastiano serlio,2,2020,20202,,2020-09,2216.7767921146956
13661,via serena,1,2020,20201,2020,2020-06,1449.2058645408479
13663,via serena,2,2020,20202,,2020-09,1667.7560035842296
13665,via siepelunga,1,2020,20201,2020,2020-06,1739.2276480039552
13681,via siepelunga,2,2020,20202,,2020-09,2023.5806451612905
13697,via simone dei crocefissi,1,2020,20201,2020,2020-06,4587.3130206402175
13701,via simone dei crocefissi,2,2020,20202,,2020-09,2223.928046594982
13705,via spartaco,1,2020,20201,2020,2020-06,1069.8836546780374
13716,via spartaco,2,2020,20202,,2020-09,1236.9906810035843
13727,via stalingrado,1,2020,20201,2020,2020-06,8035.289825957011
13798,via stalingrado,2,2020,20202,,2020-09,9221.099511241448
13869,via tagliapietre,1,2020,20201,2020,2020-06,935.1985106908911
13873,via tagliapietre,2,2020,20202,,2020-09,2100.0831541218636
13877,via tolmino,1,2020,20201,2020,2020-06,6764.5963725126685
13884,via tolmino,2,2020,20202,,2020-09,8089.470592251237
13891,via tommaso martelli,1,2020,20201,2020,2020-06,4672.929792361883
13901,via tommaso martelli,2,2020,20202,,2020-09,5134.2479666390955
13911,via torino,1,2020,20201,2020,2020-06,4841.977035370389
13916,via torino,2,2020,20202,,2020-09,5774.454569892473
13921,via toscana,1,2020,20201,2020,2020-06,6938.8208303623205
14041,via toscana,2,2020,20202,,2020-09,7843.489633305762
14161,via ugo bassi,1,2020,20201,2020,2020-06,2289.910287665307
14171,via ugo bassi,2,2020,20202,,2020-09,2510.7389784946236
14181,via ugo la malfa,1,2020,20201,2020,2020-06,1290.2723828945743
14185,via ugo la malfa,2,2020,20202,,2020-09,1484.0851254480287
14189,via urbana,1,2020,20201,2020,2020-06,0.0
14193,via urbana,2,2020,20202,,2020-09,648.776523297491
14197,via vallescura,1,2020,20201,2020,2020-06,187.28351254480287
14207,via vallescura,2,2020,20202,,2020-09,329.60698924731184
14217,via vermena,1,2020,20201,2020,2020-06,1452.1983994561858
14226,via vermena,2,2020,20202,,2020-09,2042.2170250896058
14235,via vezza,1,2020,20201,2020,2020-06,1418.191255716228
14242,via vezza,2,2020,20202,,2020-09,1572.2048387096775
14249,via vittorio bottego,1,2020,20201,2020,2020-06,183.2258558892597
14250,via vittorio bottego,2,2020,20202,,2020-09,211.8215053763441
14251,via vittorio veneto,1,2020,20201,2020,2020-06,3743.405594693693
14260,via vittorio veneto,2,2020,20202,,2020-09,3275.693608124253
14269,via william shakespeare,1,2020,20201,2020,2020-06,3824.7656346557906
14289,via william shakespeare,2,2020,20202,,2020-09,3624.144982078853
14309,via xxi aprile 1945,1,2020,20201,2020,2020-06,3247.297194413546
14310,via xxi aprile 1945,2,2020,20202,,2020-09,4008.2177419354834
14311,viale abramo lincoln,1,2020,20201,2020,2020-06,3323.1004758373506
14334,viale abramo lincoln,2,2020,20202,,2020-09,3794.2209677419355
14357,viale alcide de gasperi,1,2020,20201,2020,2020-06,8580.884791743913
14366,viale alcide de gasperi,2,2020,20202,,2020-09,10437.548506571087
14375,viale aldo moro,1,2020,20201,2020,2020-06,5444.841857207597
14390,viale aldo moro,2,2020,20202,,2020-09,6280.5645758661885
14405,viale alfredo oriani,1,2020,20201,2020,2020-06,2095.782211716722
14415,viale alfredo oriani,2,2020,20202,,2020-09,2896.2397849462363
14425,viale angelo masini,1,2020,20201,2020,2020-06,5969.094978989
14439,viale angelo masini,2,2020,20202,,2020-09,7692.761200716845
14453,viale antonio aldini,1,2020,20201,2020,2020-06,10235.199666295885
14471,viale antonio aldini,2,2020,20202,,2020-09,12873.477643369175
14489,viale antonio silvani,1,2020,20201,2020,2020-06,7209.428735632184
14498,viale antonio silvani,2,2020,20202,,2020-09,1912.7536738351253
14507,viale carlo berti pichat,1,2020,20201,2020,2020-06,8868.54568656532
14512,viale carlo berti pichat,2,2020,20202,,2020-09,9826.092562724014
14517,viale carlo pepoli,1,2020,20201,2020,2020-06,9188.664213323445
14531,viale carlo pepoli,2,2020,20202,,2020-09,11079.595519713263
14545,viale del risorgimento,1,2020,20201,2020,2020-06,1541.8492769744162
14548,viale del risorgimento,2,2020,20202,,2020-09,1744.8347670250896
14551,viale della fiera,1,2020,20201,2020,2020-06,4108.545124212087
14556,viale della fiera,2,2020,20202,,2020-09,4686.43458781362
14561,viale della repubblica,1,2020,20201,2020,2020-06,5230.963598442714
14580,viale della repubblica,2,2020,20202,,2020-09,6080.5979390681
14599,viale enrico panzacchi,1,2020,20201,2020,2020-06,9077.580553495654
14608,viale enrico panzacchi,2,2020,20202,,2020-09,11038.535991636798
14617,viale europa,1,2020,20201,2020,2020-06,7457.17733489886
14635,viale europa,2,2020,20202,,2020-09,8625.81266427718
14653,viale gaetano salvemini,1,2020,20201,2020,2020-06,3912.0752352702298
14678,viale gaetano salvemini,2,2020,20202,,2020-09,4379.559984639017
14703,viale gian battista ercolani,1,2020,20201,2020,2020-06,6984.794095291065
14704,viale gian battista ercolani,2,2020,20202,,2020-09,8072.47208781362
14705,viale giosue' carducci,1,2020,20201,2020,2020-06,8751.063870349772
14706,viale giosue' carducci,2,2020,20202,,2020-09,10302.494683393072
14707,viale giovanni gozzadini,1,2020,20201,2020,2020-06,11235.369061302683
14718,viale giovanni gozzadini,2,2020,20202,,2020-09,8629.067204301076
14729,viale giovanni vicini,1,2020,20201,2020,2020-06,10377.925782968732
14740,viale giovanni vicini,2,2020,20202,,2020-09,11250.273906810035
14751,viale ilic uljanov lenin,1,2020,20201,2020,2020-06,9186.97800230709
14770,viale ilic uljanov lenin,2,2020,20202,,2020-09,10615.635543608125
14789,viale m. karamchand gandhi,1,2020,20201,2020,2020-06,13455.349533432209
14790,viale m. karamchand gandhi,2,2020,20202,,2020-09,15624.400812852022
14791,viale orioli,1,2020,20201,2020,2020-06,0.0
14792,viale palmiro togliatti,1,2020,20201,2020,2020-06,11878.051913060366
14811,viale palmiro togliatti,2,2020,20202,,2020-09,13984.27741935484
14830,viale pietro pietramellara,1,2020,20201,2020,2020-06,8506.436144412859
14849,viale pietro pietramellara,2,2020,20202,,2020-09,8617.659538032656
14868,viale quirico filopanti,1,2020,20201,2020,2020-06,12116.978902484241
14876,viale quirico filopanti,2,2020,20202,,2020-09,14287.56630824373
14884,viale roma,1,2020,20201,2020,2020-06,11509.357502162899
14896,viale roma,2,2020,20202,,2020-09,13260.58100358423
14908,viale sandro pertini,1,2020,20201,2020,2020-06,14288.164948708441
14924,viale sandro pertini,2,2020,20202,,2020-09,16766.45437717877
14940,viale zagabria,1,2020,20201,2020,2020-06,1136.1166666666666
14949,viale zagabria,2,2020,20202,,2020-09,1342.41917562724
14958,largo bartolo nigrisoli,1,2021,20211,2021,2021-06,1197.69469406042
14967,largo bartolo nigrisoli,2,2021,20212,,2021-09,1313.8393369175626
14976,largo card. giacomo lercaro,1,2021,20211,2021,2021-06,2124.9894777265745
14977,largo card. giacomo lercaro,2,2021,20212,,2021-09,2167.791039426523
14978,largo mariele ventre,1,2021,20211,2021,2021-06,13059.239144905274
14979,largo mariele ventre,2,2021,20212,,2021-09,14052.774193548386
14980,largo vittime lager nazisti,1,2021,20211,2021,2021-06,1067.0090629800306
14981,largo vittime lager nazisti,2,2021,20212,,2021-09,1180.0417562724015
14982,mura di porta galliera,1,2021,20211,2021,2021-06,1595.3091397849464
14983,mura di porta galliera,2,2021,20212,,2021-09,1822.9955197132615
14984,nome via da istituire,1,2021,20211,2021,2021-06,130.06948924731182
14985,nome via da istituire,2,2021,20212,,2021-09,672.6148745519713
14986,p.le atleti azzurri d'italia,1,2021,20211,2021,2021-06,2529.2814132104454
14987,p.le atleti azzurri d'italia,2,2021,20212,,2021-09,2630.725985663082
14988,passaggio a. marescalchi,1,2021,20211,2021,2021-06,688.425307219662
14989,passaggio a. marescalchi,2,2021,20212,,2021-09,725.7535842293906
14990,piazza adam mickiewicz,1,2021,20211,2021,2021-06,4944.46473374296
14996,piazza adam mickiewicz,2,2021,20212,,2021-09,2787.563082437276
15002,piazza aldrovandi,1,2021,20211,2021,2021-06,1134.4042946748593
15005,piazza aldrovandi,2,2021,20212,,2021-09,1257.0129032258064
15008,piazza belluno,1,2021,20211,2021,2021-06,1960.9234767025089
15015,piazza belluno,2,2021,20212,,2021-09,2051.750806451613
15022,piazza della costituzione,1,2021,20211,2021,2021-06,396.1669994879672
15039,piazza della costituzione,2,2021,20212,,2021-09,382.98279569892475
15056,piazza delle medaglie d'oro,1,2021,20211,2021,2021-06,3988.1634280593958
15057,piazza delle medaglie d'oro,2,2021,20212,,2021-09,4365.888172043011
15058,piazza di porta castiglione,1,2021,20211,2021,2021-06,453.1130440348182
15072,piazza di porta castiglione,2,2021,20212,,2021-09,1765.286559139785
15086,piazza di porta s.isaia,1,2021,20211,2021,2021-06,4756.460560675883
15087,piazza di porta s.isaia,2,2021,20212,,2021-09,5235.461827956989
15088,piazza di porta s.mamolo,1,2021,20211,2021,2021-06,8971.35806451613
15089,piazza di porta s.mamolo,2,2021,20212,,2021-09,8750.92123655914
15090,piazza di porta s.vitale,1,2021,20211,2021,2021-06,13977.368125960062
15091,piazza di porta s.vitale,2,2021,20212,,2021-09,16594.591218637994
15092,piazza malpighi,1,2021,20211,2021,2021-06,3892.838543266769
15101,piazza malpighi,2,2021,20212,,2021-09,4357.921953405018
15110,piazza porta ravegnana,1,2021,20211,2021,2021-06,670.8070148489503
15111,piazza porta ravegnana,2,2021,20212,,2021-09,763.755017921147
15112,piazza renzo imbeni,1,2021,20211,2021,2021-06,672.1899513568868
15113,piazza renzo imbeni,2,2021,20212,,2021-09,786.2566308243728
15114,piazza trento e trieste,1,2021,20211,2021,2021-06,3586.6702850315755
15130,piazza trento e trieste,2,2021,20212,,2021-09,4287.24229390681
15146,piazza xx settembre,1,2021,20211,2021,2021-06,8891.693458781361
15147,piazza xx settembre,2,2021,20212,,2021-09,8941.858482676224
15148,strada maggiore,1,2021,20211,2021,2021-06,2491.004023724185
15158,strada maggiore,2,2021,20212,,2021-09,2756.179749103943
15168,tangenziale casalecchio-san lazzaro,1,2021,20211,2021,2021-06,3090.615296979007
15169,tangenziale casalecchio-san lazzaro,2,2021,20212,,2021-09,3093.6227598566306
15170,tangenziale san lazzaro-casalecchio,1,2021,20211,2021,2021-06,2404.3461085509475
15171,tangenziale san lazzaro-casalecchio,2,2021,20212,,2021-09,3019.7807347670255
15172,via adige,1,2021,20211,2021,2021-06,1151.9267921146954
15181,via adige,2,2021,20212,,2021-09,1087.949641577061
15190,via agucchi,1,2021,20211,2021,2021-06,4006.449039938556
15225,via agucchi,2,2021,20212,,2021-09,4379.582437275986
15260,via alberto calda,1,2021,20211,2021,2021-06,2043.9225806451614
15268,via alberto calda,2,2021,20212,,2021-09,2233.3562724014337
15276,via alberto dallolio,1,2021,20211,2021,2021-06,2891.92328469022
15290,via alberto dallolio,2,2021,20212,,2021-09,3078.616129032258
15304,via alberto mario,1,2021,20211,2021,2021-06,2728.9870775729646
15316,via alberto mario,2,2021,20212,,2021-09,2850.3812724014338
15328,via alessandro guidotti,1,2021,20211,2021,2021-06,1828.6280465949822
15333,via alessandro guidotti,2,2021,20212,,2021-09,1864.2887096774193
15338,via alessandro tiarini,1,2021,20211,2021,2021-06,2595.031357740229
15348,via alessandro tiarini,2,2021,20212,,2021-09,3245.4620669056153
15358,via alfonso lombardi,1,2021,20211,2021,2021-06,2242.5814132104456
15361,via alfonso lombardi,2,2021,20212,,2021-09,2444.4958781362006
15364,via alfonso rubbiani,1,2021,20211,2021,2021-06,2543.4905273937534
15367,via alfonso rubbiani,2,2021,20212,,2021-09,2837.7270609319
15370,via alfonso torreggiani,1,2021,20211,2021,2021-06,3137.076996927803
15372,via alfonso torreggiani,2,2021,20212,,2021-09,3362.2917562724015
15374,via amedeo parmeggiani,1,2021,20211,2021,2021-06,2720.720065284178
15376,via amedeo parmeggiani,2,2021,20212,,2021-09,3179.7682795698925
15378,via amilcare ponchielli,1,2021,20211,2021,2021-06,1742.244887809254
15387,via amilcare ponchielli,2,2021,20212,,2021-09,1529.0430704898447
15396,via andrea costa,1,2021,20211,2021,2021-06,5754.156632424475
15457,via andrea costa,2,2021,20212,,2021-09,6856.896908602151
15518,via antonio cavalieri ducati,1,2021,20211,2021,2021-06,6553.82412954429
15532,via antonio cavalieri ducati,2,2021,20212,,2021-09,6725.30770609319
15546,via antonio giuriolo,1,2021,20211,2021,2021-06,3702.325224014337
15548,via antonio giuriolo,2,2021,20212,,2021-09,2307.176792114695
15550,via antonio labriola,1,2021,20211,2021,2021-06,1085.2233486943164
15553,via antonio labriola,2,2021,20212,,2021-09,1043.0801075268816
15556,via antonio vivaldi,1,2021,20211,2021,2021-06,377.8543266769073
15557,via antonio vivaldi,2,2021,20212,,2021-09,374.8847670250896
15558,via arcangelo corelli,1,2021,20211,2021,2021-06,3258.8064260112646
15570,via arcangelo corelli,2,2021,20212,,2021-09,3566.7439068100357
15582,via aristotile fioravanti,1,2021,20211,2021,2021-06,5481.530427547364
15601,via aristotile fioravanti,2,2021,20212,,2021-09,5836.761612903226
15620,via arno,1,2021,20211,2021,2021-06,4638.688153756127
15638,via arno,2,2021,20212,,2021-09,5276.60343061956
15656,via augusto murri,1,2021,20211,2021,2021-06,7301.6009507517565
15716,via augusto murri,2,2021,20212,,2021-09,8234.802346041057
15776,via augusto romagnoli,1,2021,20211,2021,2021-06,1079.798169482847
15782,via augusto romagnoli,2,2021,20212,,2021-09,1054.4270609318996
15788,via aurelio saffi,1,2021,20211,2021,2021-06,8082.156613756614
15802,via aurelio saffi,2,2021,20212,,2021-09,9449.234199522101
15816,via azzurra,1,2021,20211,2021,2021-06,7246.115476190476
15829,via azzurra,2,2021,20212,,2021-09,2927.1163082437274
15842,via bassa dei sassi,1,2021,20211,2021,2021-06,2737.1413978494625
15848,via bassa dei sassi,2,2021,20212,,2021-09,1705.4367383512545
15854,via battindarno,1,2021,20211,2021,2021-06,5279.728541559994
15914,via battindarno,2,2021,20212,,2021-09,5797.964336917564
15974,via bellaria,1,2021,20211,2021,2021-06,1621.379333991661
15994,via bellaria,2,2021,20212,,2021-09,1654.949436763953
16014,via benedetto marcello,1,2021,20211,2021,2021-06,5289.773150281618
16025,via benedetto marcello,2,2021,20212,,2021-09,5530.879480286739
16036,via borgonuovo,1,2021,20211,2021,2021-06,1383.47003328213
16037,via borgonuovo,2,2021,20212,,2021-09,1541.3277777777778
16038,via cadriano,1,2021,20211,2021,2021-06,997.7602086533539
16066,via cadriano,2,2021,20212,,2021-09,1163.4960573476703
16094,via caduti di amola,1,2021,20211,2021,2021-06,1950.0206733230928
16108,via caduti di amola,2,2021,20212,,2021-09,1921.017383512545
16122,via caduti di casteldebole,1,2021,20211,2021,2021-06,1055.4848182283665
16140,via caduti di casteldebole,2,2021,20212,,2021-09,1045.6048387096773
16158,via calabria,1,2021,20211,2021,2021-06,1758.9762032770097
16189,via calabria,2,2021,20212,,2021-09,1790.5227598566307
16220,via calamosco,1,2021,20211,2021,2021-06,2521.3107782898105
16232,via calamosco,2,2021,20212,,2021-09,2813.053046594982
16244,via camillo casarini,1,2021,20211,2021,2021-06,437.2863031233999
16263,via camillo casarini,2,2021,20212,,2021-09,375.6304659498208
16282,via camillo ranzani,1,2021,20211,2021,2021-06,7246.226932923707
16286,via camillo ranzani,2,2021,20212,,2021-09,5203.341039426524
16290,via capo di lucca,1,2021,20211,2021,2021-06,521.2266385048644
16295,via capo di lucca,2,2021,20212,,2021-09,702.0154121863799
16300,via cardinale g. de albornoz,1,2021,20211,2021,2021-06,3723.255273937532
16301,via cardinale g. de albornoz,2,2021,20212,,2021-09,3758.411111111111
16302,via carlo alberto pizzardi,1,2021,20211,2021,2021-06,1307.8605606758833
16311,via carlo alberto pizzardi,2,2021,20212,,2021-09,816.041218637993
16320,via carlo sigonio,1,2021,20211,2021,2021-06,2588.4335210786826
16334,via carlo sigonio,2,2021,20212,,2021-09,2742.0612903225806
16348,via casteldebole,1,2021,20211,2021,2021-06,2564.4490527393755
16375,via casteldebole,2,2021,20212,,2021-09,2291.5105734767026
16402,via castiglione,1,2021,20211,2021,2021-06,3992.977432155658
16431,via castiglione,2,2021,20212,,2021-09,4295.1211469534055
16460,via cesare battisti,1,2021,20211,2021,2021-06,2006.5386840757808
16463,via cesare battisti,2,2021,20212,,2021-09,2213.295519713262
16466,via cesare boldrini,1,2021,20211,2021,2021-06,1636.6585381464413
16469,via cesare boldrini,2,2021,20212,,2021-09,2483.5936379928316
16472,via cesare gnudi,1,2021,20211,2021,2021-06,3029.9242703533023
16475,via cesare gnudi,2,2021,20212,,2021-09,3044.3532258064515
16478,via cesare pavese,1,2021,20211,2021,2021-06,674.6812596006145
16485,via cesare pavese,2,2021,20212,,2021-09,839.5724014336917
16492,via cimabue,1,2021,20211,2021,2021-06,650.8101638504864
16496,via cimabue,2,2021,20212,,2021-09,712.8397849462366
16500,via cleto tomba,1,2021,20211,2021,2021-06,729.8161418330774
16503,via cleto tomba,2,2021,20212,,2021-09,784.6035842293908
16506,via colombarola,1,2021,20211,2021,2021-06,1137.1361367127495
16514,via colombarola,2,2021,20212,,2021-09,1215.0494623655914
16522,via cracovia,1,2021,20211,2021,2021-06,1300.3907962109577
16536,via cracovia,2,2021,20212,,2021-09,1003.4318996415772
16550,via croce di camaldoli,1,2021,20211,2021,2021-06,334.0378008192525
16557,via croce di camaldoli,2,2021,20212,,2021-09,641.9964157706094
16564,via d'azeglio,1,2021,20211,2021,2021-06,921.462224782386
16565,via d'azeglio,2,2021,20212,,2021-09,1918.858781362007
16566,via dante,1,2021,20211,2021,2021-06,2567.901452892985
16567,via dante,2,2021,20212,,2021-09,1585.4005376344085
16568,via de' carracci,1,2021,20211,2021,2021-06,4657.05468144247
16581,via de' carracci,2,2021,20212,,2021-09,5516.576753712237
16594,via degli orti,1,2021,20211,2021,2021-06,6808.736367127497
16623,via degli orti,2,2021,20212,,2021-09,8480.714797747056
16652,via degli ortolani,1,2021,20211,2021,2021-06,10085.311555939581
16663,via degli ortolani,2,2021,20212,,2021-09,11371.59108422939
16674,via dei lamponi,1,2021,20211,2021,2021-06,1569.36592421915
16687,via dei lamponi,2,2021,20212,,2021-09,1333.3886200716845
16700,via dei mille,1,2021,20211,2021,2021-06,3933.0252176139275
16703,via dei mille,2,2021,20212,,2021-09,4586.212365591397
16706,via del borgo di s.pietro,1,2021,20211,2021,2021-06,1064.166045826933
16707,via del borgo di s.pietro,2,2021,20212,,2021-09,1201.7517025089605
16708,via del dazio,1,2021,20211,2021,2021-06,3365.2708525345624
16726,via del dazio,2,2021,20212,,2021-09,3809.481541218638
16744,via del lavoro,1,2021,20211,2021,2021-06,4394.358870967742
16753,via del lavoro,2,2021,20212,,2021-09,4730.158363201911
16762,via del pallone,1,2021,20211,2021,2021-06,2980.032757296467
16763,via del pallone,2,2021,20212,,2021-09,3872.714336917563
16764,via del pilastro,1,2021,20211,2021,2021-06,829.7391193036354
16784,via del pilastro,2,2021,20212,,2021-09,658.331182795699
16804,via del pozzo,1,2021,20211,2021,2021-06,1164.060803891449
16814,via del pozzo,2,2021,20212,,2021-09,1246.177240143369
16824,via del timavo,1,2021,20211,2021,2021-06,3453.97499359959
16834,via del timavo,2,2021,20212,,2021-09,3933.0154569892475
16844,via del triumvirato,1,2021,20211,2021,2021-06,3348.0052803379417
16923,via del triumvirato,2,2021,20212,,2021-09,2213.1126344086024
17002,via dell'angelo custode,1,2021,20211,2021,2021-06,1166.2452764976958
17020,via dell'angelo custode,2,2021,20212,,2021-09,1163.655376344086
17038,via dell'artigiano,1,2021,20211,2021,2021-06,9181.910247055812
17040,via dell'artigiano,2,2021,20212,,2021-09,9645.34435483871
17042,via dell'indipendenza,1,2021,20211,2021,2021-06,2528.164908687489
17047,via dell'indipendenza,2,2021,20212,,2021-09,3202.529868578256
17052,via della barca,1,2021,20211,2021,2021-06,4607.904181600956
17092,via della barca,2,2021,20212,,2021-09,4872.798207885305
17132,via della certosa,1,2021,20211,2021,2021-06,1475.0185227854581
17136,via della certosa,2,2021,20212,,2021-09,1501.4517921146953
17140,via della croce coperta,1,2021,20211,2021,2021-06,3125.1225166410645
17166,via della croce coperta,2,2021,20212,,2021-09,3333.36541218638
17192,via della crocetta,1,2021,20211,2021,2021-06,744.3406169994879
17194,via della crocetta,2,2021,20212,,2021-09,780.5444444444444
17196,via della direttissima,1,2021,20211,2021,2021-06,1521.7121095750128
17199,via della direttissima,2,2021,20212,,2021-09,1517.4820788530467
17202,via della foscherara,1,2021,20211,2021,2021-06,6590.92123655914
17206,via della foscherara,2,2021,20212,,2021-09,6686.987992831541
17210,via della liberazione,1,2021,20211,2021,2021-06,6359.824711981567
17214,via della liberazione,2,2021,20212,,2021-09,7000.6126344086015
17218,via della pietra,1,2021,20211,2021,2021-06,2821.2210829493088
17235,via della pietra,2,2021,20212,,2021-09,4487.0144265232975
17252,via della salute,1,2021,20211,2021,2021-06,1747.514724142345
17302,via della salute,2,2021,20212,,2021-09,1666.7386648745521
17352,via delle armi,1,2021,20211,2021,2021-06,1106.855261136713
17356,via delle armi,2,2021,20212,,2021-09,1043.0413978494623
17360,via delle lame,1,2021,20211,2021,2021-06,9469.026920122888
17371,via delle lame,2,2021,20212,,2021-09,4887.605197132617
17382,via di casaglia,1,2021,20211,2021,2021-06,1889.683320532514
17408,via di casaglia,2,2021,20212,,2021-09,1914.7941756272403
17434,via di corticella,1,2021,20211,2021,2021-06,6956.481939371816
17519,via di corticella,2,2021,20212,,2021-09,6848.988695891922
17604,via di s.luca,1,2021,20211,2021,2021-06,1084.0932411674346
17605,via di s.luca,2,2021,20212,,2021-09,1207.8089605734767
17606,via di saliceto,1,2021,20211,2021,2021-06,3058.3058499743984
17627,via di saliceto,2,2021,20212,,2021-09,2767.1335125448027
17648,via dionisio calvart,1,2021,20211,2021,2021-06,2182.596838197645
17650,via dionisio calvart,2,2021,20212,,2021-09,2293.2677419354836
17652,via domenico biancolelli,1,2021,20211,2021,2021-06,559.3066692268305
17666,via domenico biancolelli,2,2021,20212,,2021-09,2168.78853046595
17680,via domenico zampieri,1,2021,20211,2021,2021-06,1359.4954557091653
17683,via domenico zampieri,2,2021,20212,,2021-09,1489.514157706093
17686,via don giovanni minzoni,1,2021,20211,2021,2021-06,4987.297151817716
17697,via don giovanni minzoni,2,2021,20212,,2021-09,6125.327419354839
17708,via don luigi sturzo,1,2021,20211,2021,2021-06,4587.274849590373
17727,via don luigi sturzo,2,2021,20212,,2021-09,3240.3097222222223
17746,via donato creti,1,2021,20211,2021,2021-06,9250.827387352789
17760,via donato creti,2,2021,20212,,2021-09,6172.100806451614
17774,via duccio di boninsegna,1,2021,20211,2021,2021-06,1149.3738735279057
17778,via duccio di boninsegna,2,2021,20212,,2021-09,1199.1437275985663
17782,via due madonne,1,2021,20211,2021,2021-06,4919.253699436764
17812,via due madonne,2,2021,20212,,2021-09,5360.032930107527
17842,via edoardo ferravilla,1,2021,20211,2021,2021-06,3092.246415770609
17848,via edoardo ferravilla,2,2021,20212,,2021-09,3488.013082437276
17854,via emilia levante,1,2021,20211,2021,2021-06,4307.621818996416
17919,via emilia levante,2,2021,20212,,2021-09,4515.667795698925
17984,via emilia ponente,1,2021,20211,2021,2021-06,5911.968512544802
18052,via emilia ponente,2,2021,20212,,2021-09,7053.700537634409
18120,via emilio salgari,1,2021,20211,2021,2021-06,1051.1044162826422
18126,via emilio salgari,2,2021,20212,,2021-09,1080.1989247311828
18132,via enrico mattei,1,2021,20211,2021,2021-06,5777.515821812595
18177,via enrico mattei,2,2021,20212,,2021-09,5873.7376344086015
18222,via ermanno galeotti,1,2021,20211,2021,2021-06,10230.21009984639
18223,via ermanno galeotti,2,2021,20212,,2021-09,10424.202150537634
18224,via ermete novelli,1,2021,20211,2021,2021-06,1624.101011264721
18229,via ermete novelli,2,2021,20212,,2021-09,1735.2829749103942
18234,via ermete zacconi,1,2021,20211,2021,2021-06,3829.1795442908347
18235,via ermete zacconi,2,2021,20212,,2021-09,4202.315770609319
18236,via ernesto masi,1,2021,20211,2021,2021-06,3280.3272511154996
18248,via ernesto masi,2,2021,20212,,2021-09,3273.223220686124
18260,via farini,1,2021,20211,2021,2021-06,16.52880184331797
18261,via farini,2,2021,20212,,2021-09,1.1277777777777778
18262,via faustino malaguti,1,2021,20211,2021,2021-06,8323.965693804405
18272,via faustino malaguti,2,2021,20212,,2021-09,6149.700179211469
18282,via felice battaglia,1,2021,20211,2021,2021-06,952.8400025601637
18288,via felice battaglia,2,2021,20212,,2021-09,1089.910035842294
18294,via ferrarese,1,2021,20211,2021,2021-06,4739.57339733743
18376,via ferrarese,2,2021,20212,,2021-09,5372.380322580645
18458,via ferruccio parri,1,2021,20211,2021,2021-06,795.1959677419354
18463,via ferruccio parri,2,2021,20212,,2021-09,1021.4652329749105
18468,via filippo beroaldo,1,2021,20211,2021,2021-06,2615.2950930192865
18485,via filippo beroaldo,2,2021,20212,,2021-09,3072.577001194743
18502,via filippo de pisis,1,2021,20211,2021,2021-06,5114.650601638505
18512,via filippo de pisis,2,2021,20212,,2021-09,5563.283154121865
18522,via filippo schiassi,1,2021,20211,2021,2021-06,1217.586712749616
18533,via filippo schiassi,2,2021,20212,,2021-09,1085.479301075269
18544,via firenze,1,2021,20211,2021,2021-06,5437.632155657961
18559,via firenze,2,2021,20212,,2021-09,5873.794892473118
18574,via francesca e.de giovanni,1,2021,20211,2021,2021-06,17509.095929339474
18575,via francesca e.de giovanni,2,2021,20212,,2021-09,4300.399462365592
18576,via francesco barbieri,1,2021,20211,2021,2021-06,4053.0309523809524
18577,via francesco barbieri,2,2021,20212,,2021-09,4171.647013142175
18578,via francesco cavazzoni,1,2021,20211,2021,2021-06,2997.6049880525684
18594,via francesco cavazzoni,2,2021,20212,,2021-09,3141.86266427718
18610,via francesco roncati,1,2021,20211,2021,2021-06,1459.8035330261137
18622,via francesco roncati,2,2021,20212,,2021-09,1572.423835125448
18634,via francesco zanardi,1,2021,20211,2021,2021-06,7707.769703951963
18708,via francesco zanardi,2,2021,20212,,2021-09,9076.68339850114
18782,via franco bolognese,1,2021,20211,2021,2021-06,9780.503379416283
18785,via franco bolognese,2,2021,20212,,2021-09,11018.041397849462
18788,via g.battista de rolandis,1,2021,20211,2021,2021-06,416.55294418842806
18789,via g.battista de rolandis,2,2021,20212,,2021-09,592.6532258064516
18790,via galeazza,1,2021,20211,2021,2021-06,1503.172657450077
18798,via galeazza,2,2021,20212,,2021-09,1555.3892473118278
18806,via galliera,1,2021,20211,2021,2021-06,1343.381061187916
18812,via galliera,2,2021,20212,,2021-09,1722.241577060932
18818,via garibaldi,1,2021,20211,2021,2021-06,1951.8594086021506
18819,via garibaldi,2,2021,20212,,2021-09,1794.779569892473
18820,via gaspare tagliacozzi,1,2021,20211,2021,2021-06,3996.5394521249364
18830,via gaspare tagliacozzi,2,2021,20212,,2021-09,4190.168189964158
18840,via genova,1,2021,20211,2021,2021-06,1944.1283730158732
18851,via genova,2,2021,20212,,2021-09,2313.2443548387096
18862,via genuzio bentini,1,2021,20211,2021,2021-06,4328.792788871821
18881,via genuzio bentini,2,2021,20212,,2021-09,4214.324701314217
18900,via gherardo forni,1,2021,20211,2021,2021-06,2856.017741935484
18906,via gherardo forni,2,2021,20212,,2021-09,2919.312007168459
18912,via giacomo matteotti,1,2021,20211,2021,2021-06,5219.119828469023
18922,via giacomo matteotti,2,2021,20212,,2021-09,6144.4112903225805
18932,via gian giacomo carissimi,1,2021,20211,2021,2021-06,597.3139528929852
18942,via gian giacomo carissimi,2,2021,20212,,2021-09,567.0037634408602
18952,via giovan battista gandino,1,2021,20211,2021,2021-06,2550.367677931388
18964,via giovan battista gandino,2,2021,20212,,2021-09,2540.6021505376343
18976,via giovanna zaccherini alvisi,1,2021,20211,2021,2021-06,2935.1423579109064
18980,via giovanna zaccherini alvisi,2,2021,20212,,2021-09,1666.1486559139785
18984,via giovanni amendola,1,2021,20211,2021,2021-06,2980.8086405529953
18991,via giovanni amendola,2,2021,20212,,2021-09,3676.1986559139787
18998,via giovanni casoni,1,2021,20211,2021,2021-06,2206.986763952893
19002,via giovanni casoni,2,2021,20212,,2021-09,2614.7096774193546
19006,via giovanni marchetti,1,2021,20211,2021,2021-06,1472.785483870968
19014,via giovanni marchetti,2,2021,20212,,2021-09,1465.305017921147
19022,via giuseppe bentivogli,1,2021,20211,2021,2021-06,3128.4158175456564
19032,via giuseppe bentivogli,2,2021,20212,,2021-09,3405.269534050179
19042,via giuseppe dagnini,1,2021,20211,2021,2021-06,3299.894960744154
19067,via giuseppe dagnini,2,2021,20212,,2021-09,3834.281541218638
19092,via giuseppe dozza,1,2021,20211,2021,2021-06,7358.159253828609
19115,via giuseppe dozza,2,2021,20212,,2021-09,8396.964320625611
19138,via giuseppe massarenti,1,2021,20211,2021,2021-06,7420.3816922683045
19209,via giuseppe massarenti,2,2021,20212,,2021-09,7895.830800477898
19280,via giuseppe mazza,1,2021,20211,2021,2021-06,6511.80460829493
19281,via giuseppe mazza,2,2021,20212,,2021-09,7336.5853046594975
19282,via giuseppe mezzofanti,1,2021,20211,2021,2021-06,7448.865341781874
19295,via giuseppe mezzofanti,2,2021,20212,,2021-09,8896.632616487455
19308,via giuseppe petroni,1,2021,20211,2021,2021-06,1598.4187788018432
19309,via giuseppe petroni,2,2021,20212,,2021-09,1214.504659498208
19310,via giuseppe ruggi,1,2021,20211,2021,2021-06,2021.100665642601
19318,via giuseppe ruggi,2,2021,20212,,2021-09,2073.079211469534
19326,via giuseppe saragat,1,2021,20211,2021,2021-06,4655.5921915002555
19335,via giuseppe saragat,2,2021,20212,,2021-09,3417.7672043010753
19344,via guerrazzi,1,2021,20211,2021,2021-06,2336.2516513056835
19346,via guerrazzi,2,2021,20212,,2021-09,2548.3693548387096
19348,via guglielmo marconi,1,2021,20211,2021,2021-06,2543.4699718381976
19380,via guglielmo marconi,2,2021,20212,,2021-09,2961.9553405017923
19412,via innocenzo malvasia,1,2021,20211,2021,2021-06,4957.206216931217
19422,via innocenzo malvasia,2,2021,20212,,2021-09,7399.857407407407
19432,via irma bandiera,1,2021,20211,2021,2021-06,4336.72258704557
19443,via irma bandiera,2,2021,20212,,2021-09,3441.1541218637994
19454,via irnerio,1,2021,20211,2021,2021-06,4884.382877837515
19481,via irnerio,2,2021,20212,,2021-09,5763.231660692952
19508,via isabella andreini,1,2021,20211,2021,2021-06,4712.058269329237
19531,via isabella andreini,2,2021,20212,,2021-09,4498.91541218638
19554,via larga,1,2021,20211,2021,2021-06,1595.3453341013822
19605,via larga,2,2021,20212,,2021-09,0.15555555555555556
19656,via laura bassi veratti,1,2021,20211,2021,2021-06,3308.5686614610004
19676,via laura bassi veratti,2,2021,20212,,2021-09,3831.9835722819594
19696,via leandro alberti,1,2021,20211,2021,2021-06,3031.6207208689925
19713,via leandro alberti,2,2021,20212,,2021-09,3704.2729390681
19730,via libia,1,2021,20211,2021,2021-06,5709.627611367127
19747,via libia,2,2021,20212,,2021-09,3485.0996415770605
19764,via lippo di dalmasio,1,2021,20211,2021,2021-06,287.438082437276
19766,via lippo di dalmasio,2,2021,20212,,2021-09,312.2378136200717
19768,via lombardia,1,2021,20211,2021,2021-06,1032.5356076122205
19786,via lombardia,2,2021,20212,,2021-09,1061.4892174432496
19804,via luca signorelli,1,2021,20211,2021,2021-06,2962.8101638504863
19811,via luca signorelli,2,2021,20212,,2021-09,1494.4894265232977
19818,via luigi calori,1,2021,20211,2021,2021-06,3785.60616999488
19829,via luigi calori,2,2021,20212,,2021-09,4203.766666666666
19840,via luigi longo,1,2021,20211,2021,2021-06,2383.9704343744665
19846,via luigi longo,2,2021,20212,,2021-09,2524.0752688172042
19852,via luigi pirandello,1,2021,20211,2021,2021-06,3573.098271889401
19868,via luigi pirandello,2,2021,20212,,2021-09,3982.7291218637997
19884,via luigi valeriani,1,2021,20211,2021,2021-06,1090.616577060932
19889,via luigi valeriani,2,2021,20212,,2021-09,879.1670250896058
19894,via malpertuso,1,2021,20211,2021,2021-06,914.5652073732718
19897,via malpertuso,2,2021,20212,,2021-09,1023.763082437276
19900,via marcantonio franceschini,1,2021,20211,2021,2021-06,5194.113466461854
19905,via marcantonio franceschini,2,2021,20212,,2021-09,3737.790860215054
19910,via marco emilio lepido,1,2021,20211,2021,2021-06,4445.949726382489
19989,via marco emilio lepido,2,2021,20212,,2021-09,4797.7611783154125
20068,via marco polo,1,2021,20211,2021,2021-06,11474.942729134666
20094,via marco polo,2,2021,20212,,2021-09,13714.192771804062
20120,via marsili,1,2021,20211,2021,2021-06,3349.26438812084
20122,via marsili,2,2021,20212,,2021-09,3212.2901433691754
20124,via marzabotto,1,2021,20211,2021,2021-06,3096.5231618023554
20149,via marzabotto,2,2021,20212,,2021-09,3308.597347670251
20174,via mascarella,1,2021,20211,2021,2021-06,2115.404467485919
20178,via mascarella,2,2021,20212,,2021-09,2280.1666666666665
20182,via massenzio masia,1,2021,20211,2021,2021-06,1510.4805683563748
20183,via massenzio masia,2,2021,20212,,2021-09,1475.2336917562725
20184,via mazzini,1,2021,20211,2021,2021-06,5718.841189196109
20185,via mazzini,2,2021,20212,,2021-09,6277.723853046595
20186,via michelino,1,2021,20211,2021,2021-06,4745.206938044034
20220,via michelino,2,2021,20212,,2021-09,2283.3378136200718
20254,via milano,1,2021,20211,2021,2021-06,860.9989631336406
20262,via milano,2,2021,20212,,2021-09,796.3197132616488
20270,via mondo,1,2021,20211,2021,2021-06,4543.555299539171
20284,via mondo,2,2021,20212,,2021-09,5968.808781362007
20298,via montefiorino,1,2021,20211,2021,2021-06,7147.32414874552
20310,via montefiorino,2,2021,20212,,2021-09,7868.022670250896
20322,via niccolo' machiavelli,1,2021,20211,2021,2021-06,932.7020993343573
20323,via niccolo' machiavelli,2,2021,20212,,2021-09,1001.3256272401433
20324,via nicolo' dall'arca,1,2021,20211,2021,2021-06,2811.9138952892986
20325,via nicolo' dall'arca,2,2021,20212,,2021-09,3409.603046594982
20326,via normandia,1,2021,20211,2021,2021-06,1557.6406426011265
20333,via normandia,2,2021,20212,,2021-09,1988.6159498207887
20340,via nosadella,1,2021,20211,2021,2021-06,6266.367012288786
20342,via nosadella,2,2021,20212,,2021-09,6833.471505376344
20344,via olindo guerrini,1,2021,20211,2021,2021-06,651.2813492063492
20346,via olindo guerrini,2,2021,20212,,2021-09,724.1584229390681
20348,via orazio samacchini,1,2021,20211,2021,2021-06,462.0480414746544
20350,via orazio samacchini,2,2021,20212,,2021-09,441.85071684587814
20352,via osoppo,1,2021,20211,2021,2021-06,451.3418714797747
20358,via osoppo,2,2021,20212,,2021-09,403.1611111111111
20364,via paganino bonafede,1,2021,20211,2021,2021-06,618.2081925243216
20365,via paganino bonafede,2,2021,20212,,2021-09,651.3200716845878
20366,via panigale,1,2021,20211,2021,2021-06,2865.0783026113672
20384,via panigale,2,2021,20212,,2021-09,3064.9935483870963
20402,via paolo bovi campeggi,1,2021,20211,2021,2021-06,3967.5981438812087
20417,via paolo bovi campeggi,2,2021,20212,,2021-09,2851.8252688172047
20432,via parisio,1,2021,20211,2021,2021-06,2628.9684139784945
20444,via parisio,2,2021,20212,,2021-09,2753.704301075269
20456,via pasubio,1,2021,20211,2021,2021-06,3023.5442908346135
20476,via pasubio,2,2021,20212,,2021-09,2837.404301075269
20496,via pelagio palagi,1,2021,20211,2021,2021-06,6946.528737839221
20509,via pelagio palagi,2,2021,20212,,2021-09,6985.481600955794
20522,via pellegrino tibaldi,1,2021,20211,2021,2021-06,5518.858102918587
20525,via pellegrino tibaldi,2,2021,20212,,2021-09,6441.396146953405
20528,via persicetana,1,2021,20211,2021,2021-06,7051.0299027137735
20566,via persicetana,2,2021,20212,,2021-09,8466.298566308244
20604,via pier luigi da palestrina,1,2021,20211,2021,2021-06,871.2772849462366
20617,via pier luigi da palestrina,2,2021,20212,,2021-09,863.328494623656
20630,via pietro albertoni,1,2021,20211,2021,2021-06,3419.0895033282127
20635,via pietro albertoni,2,2021,20212,,2021-09,3278.4619175627245
20640,via pietro de coubertin,1,2021,20211,2021,2021-06,1852.9155913978495
20646,via pietro de coubertin,2,2021,20212,,2021-09,1985.835752688172
20652,via pietro mascagni,1,2021,20211,2021,2021-06,2208.4718894009216
20660,via pietro mascagni,2,2021,20212,,2021-09,2190.201075268817
20668,via pietro mengoli,1,2021,20211,2021,2021-06,3863.001814516129
20684,via pietro mengoli,2,2021,20212,,2021-09,4530.753046594982
20700,via pietro nenni,1,2021,20211,2021,2021-06,2098.8283154121864
20707,via pietro nenni,2,2021,20212,,2021-09,2346.7652329749103
20714,via pietro pomponazzi,1,2021,20211,2021,2021-06,1279.0033282130055
20716,via pietro pomponazzi,2,2021,20212,,2021-09,1286.2810035842294
20718,via po,1,2021,20211,2021,2021-06,8585.253353814644
20727,via po,2,2021,20212,,2021-09,8890.717634408602
20736,via porrettana,1,2021,20211,2021,2021-06,2837.363206178529
20775,via porrettana,2,2021,20212,,2021-09,2936.6908004778975
20814,via prati di caprara,1,2021,20211,2021,2021-06,12951.076811315923
20826,via prati di caprara,2,2021,20212,,2021-09,15878.222491039427
20838,via ravenna,1,2021,20211,2021,2021-06,459.2203405017921
20842,via ravenna,2,2021,20212,,2021-09,250.6625448028674
20846,via rialto,1,2021,20211,2021,2021-06,1248.7715821812596
20849,via rialto,2,2021,20212,,2021-09,1350.6795698924732
20852,via rimesse,1,2021,20211,2021,2021-06,3622.2478622631847
20867,via rimesse,2,2021,20212,,2021-09,4497.424731182796
20882,via riva di reno,1,2021,20211,2021,2021-06,2808.699722648916
20899,via riva di reno,2,2021,20212,,2021-09,2950.5684587813616
20916,via rizzoli,1,2021,20211,2021,2021-06,1875.7731758832567
20917,via rizzoli,2,2021,20212,,2021-09,2144.5440860215053
20918,via roberto ardigo',1,2021,20211,2021,2021-06,263.8639656938044
20919,via roberto ardigo',2,2021,20212,,2021-09,228.41344086021505
20920,via romolo amaseo,1,2021,20211,2021,2021-06,10880.591513056836
20922,via romolo amaseo,2,2021,20212,,2021-09,11237.204838709678
20924,via ruggero ruggeri,1,2021,20211,2021,2021-06,1926.6161930363544
20932,via ruggero ruggeri,2,2021,20212,,2021-09,1857.3698924731182
20940,via s.anna,1,2021,20211,2021,2021-06,1257.2121479774705
20941,via s.anna,2,2021,20212,,2021-09,1324.120788530466
20942,via s.donato,1,2021,20211,2021,2021-06,5235.683344164795
20943,via s.donato,2,2021,20212,,2021-09,6118.260560113397
20944,via s.felice,1,2021,20211,2021,2021-06,2757.3092592592598
20945,via s.felice,2,2021,20212,,2021-09,3234.461350059737
20946,via s.isaia,1,2021,20211,2021,2021-06,1249.0482206861238
20947,via s.isaia,2,2021,20212,,2021-09,1281.7139784946237
20948,via s.mamolo,1,2021,20211,2021,2021-06,4638.098332693292
20949,via s.mamolo,2,2021,20212,,2021-09,2204.4440412186377
20950,via s.nicolo' di villola,1,2021,20211,2021,2021-06,336.8638888888889
20951,via s.nicolo' di villola,2,2021,20212,,2021-09,335.47813620071685
20952,via s.stefano,1,2021,20211,2021,2021-06,4136.502662570405
20953,via s.stefano,2,2021,20212,,2021-09,4235.408482676225
20954,via s.vitale,1,2021,20211,2021,2021-06,5763.256451612903
20955,via s.vitale,2,2021,20212,,2021-09,6480.591397849462
20956,via sabotino,1,2021,20211,2021,2021-06,16693.185931899643
20965,via sabotino,2,2021,20212,,2021-09,20053.123207885306
20974,via sante vincenzi,1,2021,20211,2021,2021-06,4088.7666410650286
20994,via sante vincenzi,2,2021,20212,,2021-09,4004.1267025089605
21014,via saragozza,1,2021,20211,2021,2021-06,5728.5995087685615
21059,via saragozza,2,2021,20212,,2021-09,6479.874865591398
21104,via sardegna,1,2021,20211,2021,2021-06,1546.9896825396827
21112,via sardegna,2,2021,20212,,2021-09,1586.747401433692
21120,via sebastiano serlio,1,2021,20211,2021,2021-06,2250.6568228366614
21127,via sebastiano serlio,2,2021,20212,,2021-09,2640.8424731182795
21134,via serena,1,2021,20211,2021,2021-06,540.7261904761905
21136,via serena,2,2021,20212,,2021-09,1524.173028673835
21138,via siepelunga,1,2021,20211,2021,2021-06,2170.064080901178
21154,via siepelunga,2,2021,20212,,2021-09,2228.500537634409
21170,via simone dei crocefissi,1,2021,20211,2021,2021-06,4245.074916794675
21174,via simone dei crocefissi,2,2021,20212,,2021-09,6909.204390681003
21178,via spartaco,1,2021,20211,2021,2021-06,1266.460496671787
21189,via spartaco,2,2021,20212,,2021-09,1317.9853046594983
21200,via stalingrado,1,2021,20211,2021,2021-06,9911.346619420006
21271,via stalingrado,2,2021,20212,,2021-09,12167.18466927338
21342,via tagliapietre,1,2021,20211,2021,2021-06,2286.640706605223
21346,via tagliapietre,2,2021,20212,,2021-09,5030.854659498208
21350,via tolmino,1,2021,20211,2021,2021-06,6118.585138248848
21357,via tolmino,2,2021,20212,,2021-09,8265.700716845879
21364,via tommaso martelli,1,2021,20211,2021,2021-06,5381.949948796723
21374,via tommaso martelli,2,2021,20212,,2021-09,5950.304928315413
21384,via torino,1,2021,20211,2021,2021-06,5341.190616999488
21389,via torino,2,2021,20212,,2021-09,7240.45600358423
21394,via toscana,1,2021,20211,2021,2021-06,7546.866046811611
21514,via toscana,2,2021,20212,,2021-09,8219.290260545906
21634,via ugo bassi,1,2021,20211,2021,2021-06,2413.190581797235
21644,via ugo bassi,2,2021,20212,,2021-09,2744.5925179211467
21654,via ugo la malfa,1,2021,20211,2021,2021-06,1489.7888632872503
21658,via ugo la malfa,2,2021,20212,,2021-09,1557.520430107527
21662,via umberto terracini,2,2021,20212,,2021-09,6889.067861409797
21672,via urbana,1,2021,20211,2021,2021-06,1255.3553379416282
21676,via urbana,2,2021,20212,,2021-09,1698.6069892473117
21680,via vallescura,1,2021,20211,2021,2021-06,282.78714797747057
21690,via vallescura,2,2021,20212,,2021-09,279.0521505376344
21700,via vermena,1,2021,20211,2021,2021-06,2087.438223246288
21709,via vermena,2,2021,20212,,2021-09,2134.9822580645164
21718,via vezza,1,2021,20211,2021,2021-06,1620.3187916026627
21725,via vezza,2,2021,20212,,2021-09,1854.5186379928316
21732,via vittorio bottego,1,2021,20211,2021,2021-06,232.95951100870457
21733,via vittorio bottego,2,2021,20212,,2021-09,65.59516129032258
21734,via vittorio veneto,1,2021,20211,2021,2021-06,4657.770442908346
21743,via vittorio veneto,2,2021,20212,,2021-09,5543.528076463561
21752,via william shakespeare,1,2021,20211,2021,2021-06,4227.789260112647
21772,via william shakespeare,2,2021,20212,,2021-09,3343.3912885000914
21792,via xxi aprile 1945,1,2021,20211,2021,2021-06,4051.383102918587
21793,via xxi aprile 1945,2,2021,20212,,2021-09,4504.467921146953
21794,viale abramo lincoln,1,2021,20211,2021,2021-06,3793.4769969278036
21817,viale abramo lincoln,2,2021,20212,,2021-09,4124.865501792115
21840,viale alcide de gasperi,1,2021,20211,2021,2021-06,11713.466692268305
21849,viale alcide de gasperi,2,2021,20212,,2021-09,14084.643966547192
21858,viale aldo moro,1,2021,20211,2021,2021-06,6345.962794418842
21873,viale aldo moro,2,2021,20212,,2021-09,7729.765890083632
21888,viale alfredo oriani,1,2021,20211,2021,2021-06,2843.884959037378
21898,viale alfredo oriani,2,2021,20212,,2021-09,1630.3313620071683
21908,viale angelo masini,1,2021,20211,2021,2021-06,7635.266348779655
21922,viale angelo masini,2,2021,20212,,2021-09,9146.128823178018
21936,viale antonio aldini,1,2021,20211,2021,2021-06,12895.042690732205
21954,viale antonio aldini,2,2021,20212,,2021-09,14166.659229390682
21972,viale antonio silvani,1,2021,20211,2021,2021-06,8941.185071044547
21981,viale antonio silvani,2,2021,20212,,2021-09,9464.91182795699
21990,viale carlo berti pichat,1,2021,20211,2021,2021-06,9612.746620583717
21995,viale carlo berti pichat,2,2021,20212,,2021-09,11219.220609318996
22000,viale carlo pepoli,1,2021,20211,2021,2021-06,11356.194726062467
22014,viale carlo pepoli,2,2021,20212,,2021-09,12569.89778972521
22028,viale del risorgimento,1,2021,20211,2021,2021-06,1996.6590117767537
22031,viale del risorgimento,2,2021,20212,,2021-09,2143.3157706093193
22034,viale della fiera,1,2021,20211,2021,2021-06,4696.995340501792
22039,viale della fiera,2,2021,20212,,2021-09,5797.246684587814
22044,viale della repubblica,1,2021,20211,2021,2021-06,6155.575697644649
22063,viale della repubblica,2,2021,20212,,2021-09,5881.256541218638
22082,viale enrico panzacchi,1,2021,20211,2021,2021-06,10892.477764976958
22091,viale enrico panzacchi,2,2021,20212,,2021-09,12135.912604540024
22100,viale europa,1,2021,20211,2021,2021-06,8301.100335665928
22118,viale europa,2,2021,20212,,2021-09,8570.373098367185
22136,viale gaetano salvemini,1,2021,20211,2021,2021-06,4372.526377002414
22161,viale gaetano salvemini,2,2021,20212,,2021-09,4837.916820276498
22186,viale gian battista ercolani,1,2021,20211,2021,2021-06,7957.767585125447
22187,viale gian battista ercolani,2,2021,20212,,2021-09,9111.284318996417
22188,viale giosue' carducci,1,2021,20211,2021,2021-06,10328.989787079707
22189,viale giosue' carducci,2,2021,20212,,2021-09,11447.52192353644
22190,viale giovanni gozzadini,1,2021,20211,2021,2021-06,14423.876785714287
22201,viale giovanni gozzadini,2,2021,20212,,2021-09,16092.883243727598
22212,viale giovanni vicini,1,2021,20211,2021,2021-06,12122.940919098823
22223,viale giovanni vicini,2,2021,20212,,2021-09,13669.832186379928
22234,viale ilic uljanov lenin,1,2021,20211,2021,2021-06,10378.372345963475
22253,viale ilic uljanov lenin,2,2021,20212,,2021-09,11174.593010752687
22272,viale m. karamchand gandhi,1,2021,20211,2021,2021-06,10140.172519048056
22273,viale m. karamchand gandhi,2,2021,20212,,2021-09,11257.661290322581
22274,viale palmiro togliatti,1,2021,20211,2021,2021-06,13524.692643186305
22293,viale palmiro togliatti,2,2021,20212,,2021-09,15830.716308243727
22312,viale pietro pietramellara,1,2021,20211,2021,2021-06,10044.251297149684
22331,viale pietro pietramellara,2,2021,20212,,2021-09,12042.866427718041
22350,viale quirico filopanti,1,2021,20211,2021,2021-06,13639.589874551972
22358,viale quirico filopanti,2,2021,20212,,2021-09,16222.839247311827
22366,viale roma,1,2021,20211,2021,2021-06,9894.314400921658
22378,viale roma,2,2021,20212,,2021-09,14107.515770609318
22390,viale sandro pertini,1,2021,20211,2021,2021-06,10655.180376344086
22406,viale sandro pertini,2,2021,20212,,2021-09,11996.799402628434
22422,viale zagabria,1,2021,20211,2021,2021-06,1329.5193036354326
22431,viale zagabria,2,2021,20212,,2021-09,1384.0329749103942
22440,largo bartolo nigrisoli,1,2022,20221,2022,2022-06,1314.6590693804403
22449,largo bartolo nigrisoli,2,2022,20222,,2022-09,1353.9854838709678
22458,largo card. giacomo lercaro,1,2022,20221,2022,2022-06,2189.0751280081927
22459,largo card. giacomo lercaro,2,2022,20222,,2022-09,2039.5437275985662
22460,largo mariele ventre,1,2022,20221,2022,2022-06,14483.846018945214
22461,largo mariele ventre,2,2022,20222,,2022-09,13505.648745519713
22462,largo vittime lager nazisti,1,2022,20221,2022,2022-06,1147.1523809523808
22463,largo vittime lager nazisti,2,2022,20222,,2022-09,1127.5236559139785
22464,mura di porta galliera,1,2022,20221,2022,2022-06,1877.9236943164362
22465,mura di porta galliera,2,2022,20222,,2022-09,1821.7541218637991
22466,nome via da istituire,1,2022,20221,2022,2022-06,1015.7289298515105
22467,nome via da istituire,2,2022,20222,,2022-09,2709.931541218638
22468,p.le atleti azzurri d'italia,1,2022,20221,2022,2022-06,2755.818900409626
22469,p.le atleti azzurri d'italia,2,2022,20222,,2022-09,2602.2505376344084
22470,passaggio a. marescalchi,1,2022,20221,2022,2022-06,780.3600870455708
22471,passaggio a. marescalchi,2,2022,20222,,2022-09,626.6256272401433
22472,piazza adam mickiewicz,1,2022,20221,2022,2022-06,5157.07654889913
22478,piazza adam mickiewicz,2,2022,20222,,2022-09,5016.854659498208
22484,piazza aldrovandi,1,2022,20221,2022,2022-06,1420.6768817204302
22487,piazza aldrovandi,2,2022,20222,,2022-09,1249.1193548387098
22490,piazza belluno,1,2022,20221,2022,2022-06,2176.029774705581
22497,piazza belluno,2,2022,20222,,2022-09,1970.07876344086
22504,piazza della costituzione,1,2022,20221,2022,2022-06,460.6815668202765
22521,piazza della costituzione,2,2022,20222,,2022-09,369.79372759856636
22538,piazza delle medaglie d'oro,1,2022,20221,2022,2022-06,4308.036559139785
22539,piazza delle medaglie d'oro,2,2022,20222,,2022-09,5221.972222222222
22540,piazza di porta castiglione,1,2022,20221,2022,2022-06,2038.8765488991294
22554,piazza di porta castiglione,2,2022,20222,,2022-09,1980.0356630824372
22568,piazza di porta s.isaia,1,2022,20221,2022,2022-06,5379.25273937532
22569,piazza di porta s.isaia,2,2022,20222,,2022-09,5832.234946236559
22570,piazza di porta s.mamolo,1,2022,20221,2022,2022-06,10015.29523809524
22571,piazza di porta s.mamolo,2,2022,20222,,2022-09,12323.530107526882
22572,piazza di porta s.vitale,1,2022,20221,2022,2022-06,16293.587480798771
22573,piazza di porta s.vitale,2,2022,20222,,2022-09,16192.992652329749
22574,piazza malpighi,1,2022,20221,2022,2022-06,4252.695334101382
22583,piazza malpighi,2,2022,20222,,2022-09,3281.0885304659496
22592,piazza porta ravegnana,1,2022,20221,2022,2022-06,867.6660010240656
22593,piazza porta ravegnana,2,2022,20222,,2022-09,851.9650537634408
22594,piazza renzo imbeni,1,2022,20221,2022,2022-06,906.2234254992319
22595,piazza renzo imbeni,2,2022,20222,,2022-09,590.9496415770609
22596,piazza trento e trieste,1,2022,20221,2022,2022-06,4241.971543778802
22612,piazza trento e trieste,2,2022,20222,,2022-09,3944.579091995221
22628,piazza xx settembre,1,2022,20221,2022,2022-06,11766.126152073732
22629,piazza xx settembre,2,2022,20222,,2022-09,9694.102389486261
22630,strada maggiore,1,2022,20221,2022,2022-06,2801.1145715992493
22640,strada maggiore,2,2022,20222,,2022-09,2743.666726403823
22650,tangenziale casalecchio-san lazzaro,1,2022,20221,2022,2022-06,3140.215002560164
22651,tangenziale casalecchio-san lazzaro,2,2022,20222,,2022-09,1123.8202508960574
22652,tangenziale san lazzaro-casalecchio,1,2022,20221,2022,2022-06,3072.4558883768564
22653,tangenziale san lazzaro-casalecchio,2,2022,20222,,2022-09,1668.4625448028673
22654,via adige,1,2022,20221,2022,2022-06,1253.8886968766
22663,via adige,2,2022,20222,,2022-09,542.1716845878136
22672,via adolfo de carolis,1,2022,20221,2022,2022-06,0.0
22684,via adolfo de carolis,2,2022,20222,,2022-09,137.9388888888889
22696,via agucchi,1,2022,20221,2022,2022-06,3443.0045442908345
22731,via agucchi,2,2022,20222,,2022-09,3564.5256272401434
22766,via alberelli,2,2022,20222,,2022-09,464.69100358422935
22770,via alberto calda,1,2022,20221,2022,2022-06,2402.399807987711
22778,via alberto calda,2,2022,20222,,2022-09,2249.5444444444443
22786,via alberto dallolio,1,2022,20221,2022,2022-06,3282.5623527905786
22800,via alberto dallolio,2,2022,20222,,2022-09,3075.047849462366
22814,via alberto mario,1,2022,20221,2022,2022-06,2987.304649897593
22826,via alberto mario,2,2022,20222,,2022-09,2810.3583333333336
22838,via alessandro guidotti,1,2022,20221,2022,2022-06,2178.7786738351256
22843,via alessandro guidotti,2,2022,20222,,2022-09,1158.3969534050177
22848,via alessandro tiarini,1,2022,20221,2022,2022-06,3400.0930406212665
22858,via alessandro tiarini,2,2022,20222,,2022-09,4895.321624850657
22868,via alfonso lombardi,1,2022,20221,2022,2022-06,2492.2270097286223
22871,via alfonso lombardi,2,2022,20222,,2022-09,2338.4069892473117
22874,via alfonso rubbiani,1,2022,20221,2022,2022-06,3269.062903225806
22877,via alfonso rubbiani,2,2022,20222,,2022-09,4417.5632616487455
22880,via alfonso torreggiani,1,2022,20221,2022,2022-06,3632.5475678443418
22882,via alfonso torreggiani,2,2022,20222,,2022-09,3391.88458781362
22884,via amedeo parmeggiani,1,2022,20221,2022,2022-06,3376.4992959549413
22886,via amedeo parmeggiani,2,2022,20222,,2022-09,3167.6172939068097
22888,via amilcare ponchielli,1,2022,20221,2022,2022-06,1268.9491167434714
22897,via amilcare ponchielli,2,2022,20222,,2022-09,894.5679808841099
22906,via andrea costa,1,2022,20221,2022,2022-06,7267.399831989248
22967,via andrea costa,2,2022,20222,,2022-09,6840.492025089606
23028,via antonio cavalieri ducati,1,2022,20221,2022,2022-06,8654.900870455709
23042,via antonio cavalieri ducati,2,2022,20222,,2022-09,7936.467204301075
23056,via antonio giuriolo,1,2022,20221,2022,2022-06,1962.4880248335894
23058,via antonio giuriolo,2,2022,20222,,2022-09,2865.2805555555556
23060,via antonio labriola,1,2022,20221,2022,2022-06,1155.772311827957
23063,via antonio labriola,2,2022,20222,,2022-09,1044.4139784946237
23066,via antonio vivaldi,1,2022,20221,2022,2022-06,425.839656938044
23067,via antonio vivaldi,2,2022,20222,,2022-09,384.8677419354838
23068,via arcangelo corelli,1,2022,20221,2022,2022-06,3790.102956989247
23080,via arcangelo corelli,2,2022,20222,,2022-09,3454.0426523297488
23092,via aristotile fioravanti,1,2022,20221,2022,2022-06,6524.6627828981045
23111,via aristotile fioravanti,2,2022,20222,,2022-09,6305.66394265233
23130,via arno,1,2022,20221,2022,2022-06,5442.741112574062
23148,via arno,2,2022,20222,,2022-09,5027.94103432701
23166,via augusto murri,1,2022,20221,2022,2022-06,8264.944730717312
23226,via augusto murri,2,2022,20222,,2022-09,7364.869094167482
23286,via augusto romagnoli,1,2022,20221,2022,2022-06,1319.14400921659
23292,via augusto romagnoli,2,2022,20222,,2022-09,232.71630824372758
23298,via aurelio saffi,1,2022,20221,2022,2022-06,9257.766894947943
23312,via aurelio saffi,2,2022,20222,,2022-09,9239.455734767025
23326,via azzurra,1,2022,20221,2022,2022-06,6085.146764312213
23339,via azzurra,2,2022,20222,,2022-09,4655.531421744325
23352,via bassa dei sassi,1,2022,20221,2022,2022-06,2454.087224782386
23358,via bassa dei sassi,2,2022,20222,,2022-09,3133.906989247312
23364,via battindarno,1,2022,20221,2022,2022-06,6936.117147493496
23424,via battindarno,2,2022,20222,,2022-09,5691.982078853046
23484,via bellaria,1,2022,20221,2022,2022-06,1697.5459348255433
23504,via bellaria,2,2022,20222,,2022-09,1881.2192780337944
23524,via benedetto marcello,1,2022,20221,2022,2022-06,5746.223518305172
23535,via benedetto marcello,2,2022,20222,,2022-09,5363.81353046595
23546,via borgonuovo,1,2022,20221,2022,2022-06,1563.9917050691245
23547,via borgonuovo,2,2022,20222,,2022-09,1484.9551971326164
23548,via cadriano,1,2022,20221,2022,2022-06,1219.1286194316438
23576,via cadriano,2,2022,20222,,2022-09,1539.72459434303
23604,via caduti di amola,1,2022,20221,2022,2022-06,1926.9694316436253
23618,via caduti di amola,2,2022,20222,,2022-09,1741.3722222222223
23632,via caduti di casteldebole,1,2022,20221,2022,2022-06,1146.2553123399898
23650,via caduti di casteldebole,2,2022,20222,,2022-09,923.9564516129032
23668,via calabria,1,2022,20221,2022,2022-06,814.6551459293395
23699,via calabria,2,2022,20222,,2022-09,1009.8453405017921
23730,via calamosco,1,2022,20221,2022,2022-06,2836.1113287250387
23742,via calamosco,2,2022,20222,,2022-09,1445.936753800519
23754,via camillo casarini,1,2022,20221,2022,2022-06,1028.7612903225806
23773,via camillo casarini,2,2022,20222,,2022-09,915.3008960573476
23792,via camillo ranzani,1,2022,20221,2022,2022-06,8659.919226830518
23796,via camillo ranzani,2,2022,20222,,2022-09,7827.8824372759855
23800,via capo di lucca,1,2022,20221,2022,2022-06,677.3767409114183
23805,via capo di lucca,2,2022,20222,,2022-09,458.641935483871
23810,via cardinale g. de albornoz,1,2022,20221,2022,2022-06,3844.803494623656
23811,via cardinale g. de albornoz,2,2022,20222,,2022-09,3761.0575268817206
23812,via carlo alberto pizzardi,1,2022,20221,2022,2022-06,1471.6757936507936
23821,via carlo alberto pizzardi,2,2022,20222,,2022-09,818.0629740768526
23830,via carlo sigonio,1,2022,20221,2022,2022-06,2874.672828127667
23844,via carlo sigonio,2,2022,20222,,2022-09,2824.4990442054955
23858,via casteldebole,1,2022,20221,2022,2022-06,2610.7884664618537
23885,via casteldebole,2,2022,20222,,2022-09,2674.5428315412187
23912,via castiglione,1,2022,20221,2022,2022-06,4424.151712109575
23941,via castiglione,2,2022,20222,,2022-09,4269.842069892474
23970,via cesare battisti,1,2022,20221,2022,2022-06,1894.6048003072199
23973,via cesare battisti,2,2022,20222,,2022-09,1450.3860215053764
23976,via cesare boldrini,1,2022,20221,2022,2022-06,1967.109639016897
23979,via cesare boldrini,2,2022,20222,,2022-09,2241.036290322581
23982,via cesare gnudi,1,2022,20221,2022,2022-06,3531.983320532514
23985,via cesare gnudi,2,2022,20222,,2022-09,3278.424372759857
23988,via cesare pavese,1,2022,20221,2022,2022-06,778.2556707629288
23995,via cesare pavese,2,2022,20222,,2022-09,374.0091397849462
24002,via cimabue,1,2022,20221,2022,2022-06,739.3157578084997
24006,via cimabue,2,2022,20222,,2022-09,730.3306451612904
24010,via cleto tomba,1,2022,20221,2022,2022-06,857.4858422939069
24013,via cleto tomba,2,2022,20222,,2022-09,757.6256272401433
24016,via colombarola,1,2022,20221,2022,2022-06,1490.2848182283667
24024,via colombarola,2,2022,20222,,2022-09,1419.0689964157707
24032,via cracovia,1,2022,20221,2022,2022-06,1123.6568356374808
24046,via cracovia,2,2022,20222,,2022-09,1280.844982078853
24060,via cristoforo colombo,1,2022,20221,2022,2022-06,4863.833333333334
24128,via cristoforo colombo,2,2022,20222,,2022-09,12482.303853046595
24196,via croce di camaldoli,1,2022,20221,2022,2022-06,922.903545826933
24203,via croce di camaldoli,2,2022,20222,,2022-09,878.2017921146953
24210,via d'azeglio,1,2022,20221,2022,2022-06,2568.4207565284178
24211,via d'azeglio,2,2022,20222,,2022-09,2198.6148745519713
24212,via dante,1,2022,20221,2022,2022-06,3085.057827700973
24213,via dante,2,2022,20222,,2022-09,9438.166397849462
24214,via de' carracci,1,2022,20221,2022,2022-06,5867.3489704483945
24227,via de' carracci,2,2022,20222,,2022-09,6417.66180235535
24240,via degli orti,1,2022,20221,2022,2022-06,9164.558722843976
24269,via degli orti,2,2022,20222,,2022-09,8331.70768049155
24298,via degli ortolani,1,2022,20221,2022,2022-06,11606.37831221198
24309,via degli ortolani,2,2022,20222,,2022-09,8296.549372759857
24320,via degli stradelli guelfi,2,2022,20222,,2022-09,1366.2583333333332
24326,via dei lamponi,1,2022,20221,2022,2022-06,1507.227156938044
24339,via dei lamponi,2,2022,20222,,2022-09,1331.0528673835126
24352,via dei mille,1,2022,20221,2022,2022-06,4571.415386584741
24355,via dei mille,2,2022,20222,,2022-09,4613.506899641577
24358,via del borgo di s.pietro,1,2022,20221,2022,2022-06,1266.964298515105
24359,via del borgo di s.pietro,2,2022,20222,,2022-09,1188.0694444444446
24360,via del dazio,1,2022,20221,2022,2022-06,3844.0018731865507
24378,via del dazio,2,2022,20222,,2022-09,3747.356451612903
24396,via del fonditore,2,2022,20222,,2022-09,294.4274193548387
24410,via del gomito,2,2022,20222,,2022-09,3914.584475806452
24423,via del lavoro,1,2022,20221,2022,2022-06,5068.823348694316
24432,via del lavoro,2,2022,20222,,2022-09,1840.6256869773
24441,via del pallone,1,2022,20221,2022,2022-06,3796.173899129544
24442,via del pallone,2,2022,20222,,2022-09,3600.452150537634
24443,via del pilastro,1,2022,20221,2022,2022-06,665.6204045058884
24463,via del pilastro,2,2022,20222,,2022-09,652.7102150537635
24483,via del pozzo,1,2022,20221,2022,2022-06,1311.6711597542242
24493,via del pozzo,2,2022,20222,,2022-09,1028.6555555555556
24503,via del sostegno,1,2022,20221,2022,2022-06,552.95
24509,via del sostegno,2,2022,20222,,2022-09,426.84
24515,via del timavo,1,2022,20221,2022,2022-06,3946.1501408090116
24525,via del timavo,2,2022,20222,,2022-09,2463.683064516129
24535,via del triumvirato,1,2022,20221,2022,2022-06,5149.596939481319
24614,via del triumvirato,2,2022,20222,,2022-09,5906.22825567503
24693,via dell'angelo custode,1,2022,20221,2022,2022-06,1109.4816820276499
24711,via dell'angelo custode,2,2022,20222,,2022-09,995.5428315412187
24729,via dell'artigiano,1,2022,20221,2022,2022-06,10703.48645033282
24731,via dell'artigiano,2,2022,20222,,2022-09,10948.606630824373
24733,via dell'indipendenza,1,2022,20221,2022,2022-06,3096.41164021164
24738,via dell'indipendenza,2,2022,20222,,2022-09,3064.1602150537633
24743,via dell'industria,2,2022,20222,,2022-09,0.0
24762,via della barca,1,2022,20221,2022,2022-06,6432.351717443249
24802,via della barca,2,2022,20222,,2022-09,7223.121385902031
24842,via della battaglia,2,2022,20222,,2022-09,697.0644265232976
24869,via della beverara,2,2022,20222,,2022-09,1002.1233870967742
24924,via della ca' bianca,1,2022,20221,2022,2022-06,0.0
24926,via della ca' bianca,2,2022,20222,,2022-09,3951.203405017921
24928,via della certosa,1,2022,20221,2022,2022-06,1693.8368279569893
24932,via della certosa,2,2022,20222,,2022-09,1520.7620071684587
24936,via della croce coperta,1,2022,20221,2022,2022-06,3681.853149001536
24962,via della croce coperta,2,2022,20222,,2022-09,3534.150896057348
24988,via della crocetta,1,2022,20221,2022,2022-06,736.0129544290835
24990,via della crocetta,2,2022,20222,,2022-09,470.60197132616486
24992,via della direttissima,1,2022,20221,2022,2022-06,1627.428584229391
24995,via della direttissima,2,2022,20222,,2022-09,1450.199641577061
24998,via della dozza,1,2022,20221,2022,2022-06,424.53154121863804
25006,via della dozza,2,2022,20222,,2022-09,930.0487455197132
25014,via della foscherara,1,2022,20221,2022,2022-06,6991.374961597542
25018,via della foscherara,2,2022,20222,,2022-09,6520.781182795698
25022,via della liberazione,1,2022,20221,2022,2022-06,7737.924148745519
25026,via della liberazione,2,2022,20222,,2022-09,7284.1373655913985
25030,via della pietra,1,2022,20221,2022,2022-06,9770.797145417308
25047,via della pietra,2,2022,20222,,2022-09,11795.429928315412
25064,via della salute,1,2022,20221,2022,2022-06,2826.598905529954
25114,via della salute,2,2022,20222,,2022-09,2092.131899641577
25164,via delle armi,1,2022,20221,2022,2022-06,1118.082514080901
25168,via delle armi,2,2022,20222,,2022-09,1143.771505376344
25172,via delle lame,1,2022,20221,2022,2022-06,5086.588726745179
25183,via delle lame,2,2022,20222,,2022-09,4296.688172043011
25194,via dell’arcoveggio,2,2022,20222,,2022-09,876.9685483870967
25195,via di casaglia,1,2022,20221,2022,2022-06,2041.2005888376855
25221,via di casaglia,2,2022,20222,,2022-09,1771.098835125448
25247,via di corticella,1,2022,20221,2022,2022-06,9564.538029731068
25332,via di corticella,2,2022,20222,,2022-09,6185.395698924731
25417,via di s.luca,1,2022,20221,2022,2022-06,1227.8994111623144
25418,via di s.luca,2,2022,20222,,2022-09,1096.4851254480288
25419,via di saliceto,1,2022,20221,2022,2022-06,3666.5574628776244
25440,via di saliceto,2,2022,20222,,2022-09,3445.898745519713
25461,via dionisio calvart,1,2022,20221,2022,2022-06,2421.6672811059907
25463,via dionisio calvart,2,2022,20222,,2022-09,2271.64623655914
25465,via domenico biancolelli,1,2022,20221,2022,2022-06,2596.4632104454686
25479,via domenico biancolelli,2,2022,20222,,2022-09,1664.842383512545
25493,via domenico zampieri,1,2022,20221,2022,2022-06,1534.1570788530464
25496,via domenico zampieri,2,2022,20222,,2022-09,1574.4229390681003
25499,via don giovanni minzoni,1,2022,20221,2022,2022-06,5850.350044802867
25510,via don giovanni minzoni,2,2022,20222,,2022-09,5658.3622759856635
25521,via don luigi sturzo,1,2022,20221,2022,2022-06,4188.385525473631
25540,via don luigi sturzo,2,2022,20222,,2022-09,4349.098207885305
25559,via donato creti,1,2022,20221,2022,2022-06,10439.101804915515
25573,via donato creti,2,2022,20222,,2022-09,9724.350268817203
25587,via duccio di boninsegna,1,2022,20221,2022,2022-06,1151.8293266769074
25591,via duccio di boninsegna,2,2022,20222,,2022-09,1153.0779569892472
25595,via due madonne,1,2022,20221,2022,2022-06,5584.168782002048
25625,via due madonne,2,2022,20222,,2022-09,5524.424944925256
25655,via edoardo ferravilla,1,2022,20221,2022,2022-06,3526.2305939580133
25661,via edoardo ferravilla,2,2022,20222,,2022-09,3298.5232974910396
25667,via emilia levante,1,2022,20221,2022,2022-06,5062.538186123912
25732,via emilia levante,2,2022,20222,,2022-09,4688.998333333333
25797,via emilia ponente,1,2022,20221,2022,2022-06,5565.2556385656835
25865,via emilia ponente,2,2022,20222,,2022-09,5327.877636968766
25933,via emilio salgari,1,2022,20221,2022,2022-06,1083.2974014336917
25939,via emilio salgari,2,2022,20222,,2022-09,1092.125806451613
25945,via enrico mattei,1,2022,20221,2022,2022-06,7894.029002389486
25990,via enrico mattei,2,2022,20222,,2022-09,7598.247431302269
26035,via ermanno galeotti,1,2022,20221,2022,2022-06,11203.300691244242
26036,via ermanno galeotti,2,2022,20222,,2022-09,10994.547849462366
26037,via ermete novelli,1,2022,20221,2022,2022-06,1776.8599334357398
26042,via ermete novelli,2,2022,20222,,2022-09,1551.9845878136202
26047,via ermete zacconi,1,2022,20221,2022,2022-06,4605.810995903738
26048,via ermete zacconi,2,2022,20222,,2022-09,4459.624193548388
26049,via ernesto masi,1,2022,20221,2022,2022-06,3566.350329163924
26061,via ernesto masi,2,2022,20222,,2022-09,2296.5848182283667
26073,via farini,1,2022,20221,2022,2022-06,30.936917562724016
26074,via farini,2,2022,20222,,2022-09,50.77222222222222
26075,via faustino malaguti,1,2022,20221,2022,2022-06,6438.560381464414
26085,via faustino malaguti,2,2022,20222,,2022-09,7050.960931899642
26095,via felice battaglia,1,2022,20221,2022,2022-06,996.1084997439835
26101,via felice battaglia,2,2022,20222,,2022-09,929.7390681003584
26107,via ferrarese,1,2022,20221,2022,2022-06,5437.366518177164
26189,via ferrarese,2,2022,20222,,2022-09,4539.537192333798
26271,via ferruccio parri,1,2022,20221,2022,2022-06,1448.3918202764978
26276,via ferruccio parri,2,2022,20222,,2022-09,997.0046594982078
26281,via filippo argelati,2,2022,20222,,2022-09,2272.6951612903226
26283,via filippo beroaldo,1,2022,20221,2022,2022-06,2962.775866188769
26300,via filippo beroaldo,2,2022,20222,,2022-09,2773.624910394265
26317,via filippo de pisis,1,2022,20221,2022,2022-06,6794.412416794675
26327,via filippo de pisis,2,2022,20222,,2022-09,6393.76559139785
26337,via filippo schiassi,1,2022,20221,2022,2022-06,1472.9956221198156
26348,via filippo schiassi,2,2022,20222,,2022-09,894.4204828167826
26359,via firenze,1,2022,20221,2022,2022-06,4769.063453661034
26374,via firenze,2,2022,20222,,2022-09,5749.235304659498
26389,via francesca e.de giovanni,1,2022,20221,2022,2022-06,8660.572081413211
26390,via francesca e.de giovanni,2,2022,20222,,2022-09,0.0
26391,via francesco barbieri,1,2022,20221,2022,2022-06,4613.454070660522
26392,via francesco barbieri,2,2022,20222,,2022-09,4307.92586618877
26393,via francesco cavazzoni,1,2022,20221,2022,2022-06,3166.2458311998635
26409,via francesco cavazzoni,2,2022,20222,,2022-09,3054.6707287933095
26425,via francesco roncati,1,2022,20221,2022,2022-06,1593.6398233486943
26437,via francesco roncati,2,2022,20222,,2022-09,1383.2017921146953
26449,via francesco zanardi,1,2022,20221,2022,2022-06,9985.367830232044
26523,via francesco zanardi,2,2022,20222,,2022-09,6599.694436298469
26597,via franco bolognese,1,2022,20221,2022,2022-06,11590.165373783922
26600,via franco bolognese,2,2022,20222,,2022-09,9445.09090909091
26603,via g.battista de rolandis,1,2022,20221,2022,2022-06,623.7938812083974
26604,via g.battista de rolandis,2,2022,20222,,2022-09,271.4940860215054
26605,via galeazza,1,2022,20221,2022,2022-06,1679.5854326676908
26613,via galeazza,2,2022,20222,,2022-09,1202.5783154121864
26621,via galliera,1,2022,20221,2022,2022-06,1662.4042946748593
26627,via galliera,2,2022,20222,,2022-09,1590.3178315412188
26633,via garibaldi,1,2022,20221,2022,2022-06,1827.473406298003
26634,via garibaldi,2,2022,20222,,2022-09,2055.358512544803
26635,via gaspare tagliacozzi,1,2022,20221,2022,2022-06,4185.112192780338
26645,via gaspare tagliacozzi,2,2022,20222,,2022-09,3610.3775089605733
26655,via genova,1,2022,20221,2022,2022-06,2332.1936507936507
26666,via genova,2,2022,20222,,2022-09,2175.628136200717
26677,via genuzio bentini,1,2022,20221,2022,2022-06,5059.573250554702
26696,via genuzio bentini,2,2022,20222,,2022-09,4865.300746714456
26715,via gherardo forni,1,2022,20221,2022,2022-06,2982.184946236559
26721,via gherardo forni,2,2022,20222,,2022-09,2800.525089605735
26727,via giacomo matteotti,1,2022,20221,2022,2022-06,6597.451218637993
26737,via giacomo matteotti,2,2022,20222,,2022-09,6561.72670250896
26747,via gian giacomo carissimi,1,2022,20221,2022,2022-06,616.3913338453661
26757,via gian giacomo carissimi,2,2022,20222,,2022-09,574.1747311827957
26767,via giovan battista gandino,1,2022,20221,2022,2022-06,2244.5850102406553
26779,via giovan battista gandino,2,2022,20222,,2022-09,1880.3360215053763
26791,via giovanna zaccherini alvisi,1,2022,20221,2022,2022-06,3290.161923963134
26795,via giovanna zaccherini alvisi,2,2022,20222,,2022-09,2608.9110215053765
26799,via giovanni amendola,1,2022,20221,2022,2022-06,3076.296422171019
26806,via giovanni amendola,2,2022,20222,,2022-09,4024.985215053763
26813,via giovanni casoni,1,2022,20221,2022,2022-06,2711.4576676907323
26817,via giovanni casoni,2,2022,20222,,2022-09,1563.2512960048955
26821,via giovanni marchetti,1,2022,20221,2022,2022-06,1559.9456989247312
26829,via giovanni marchetti,2,2022,20222,,2022-09,1438.024193548387
26837,via giovanni pier luigi da palestrina,2,2022,20222,,2022-09,761.7803763440861
26838,via giuseppe bentivogli,1,2022,20221,2022,2022-06,3454.272802526028
26848,via giuseppe bentivogli,2,2022,20222,,2022-09,3140.443130227001
26858,via giuseppe dagnini,1,2022,20221,2022,2022-06,4400.905564089436
26883,via giuseppe dagnini,2,2022,20222,,2022-09,4107.22192353644
26908,via giuseppe dozza,1,2022,20221,2022,2022-06,8567.088709677419
26931,via giuseppe dozza,2,2022,20222,,2022-09,7950.57486151841
26954,via giuseppe massarenti,1,2022,20221,2022,2022-06,8441.127244410309
27025,via giuseppe massarenti,2,2022,20222,,2022-09,7896.547526881721
27096,via giuseppe mazza,1,2022,20221,2022,2022-06,7800.780913978495
27097,via giuseppe mazza,2,2022,20222,,2022-09,7296.260931899641
27098,via giuseppe mezzofanti,1,2022,20221,2022,2022-06,9597.423303891448
27111,via giuseppe mezzofanti,2,2022,20222,,2022-09,8546.916308243728
27124,via giuseppe petroni,1,2022,20221,2022,2022-06,1241.3022657450076
27125,via giuseppe petroni,2,2022,20222,,2022-09,1081.470430107527
27126,via giuseppe rivani,2,2022,20222,,2022-09,329.475
27159,via giuseppe ruggi,1,2022,20221,2022,2022-06,1507.929505888377
27167,via giuseppe ruggi,2,2022,20222,,2022-09,1014.029211469534
27175,via giuseppe saragat,1,2022,20221,2022,2022-06,5913.901766513057
27184,via giuseppe saragat,2,2022,20222,,2022-09,5421.779928315413
27193,via guerrazzi,1,2022,20221,2022,2022-06,2636.6541730670765
27195,via guerrazzi,2,2022,20222,,2022-09,2358.9383512544805
27197,via guglielmo marconi,1,2022,20221,2022,2022-06,2978.158054275473
27229,via guglielmo marconi,2,2022,20222,,2022-09,3028.818422939068
27261,via innocenzo malvasia,1,2022,20221,2022,2022-06,7574.621484041646
27271,via innocenzo malvasia,2,2022,20222,,2022-09,7351.160752688172
27281,via irma bandiera,1,2022,20221,2022,2022-06,4354.359773425499
27292,via irma bandiera,2,2022,20222,,2022-09,2375.5886200716845
27303,via irnerio,1,2022,20221,2022,2022-06,5739.800190945553
27330,via irnerio,2,2022,20222,,2022-09,5183.494593787335
27357,via isabella andreini,1,2022,20221,2022,2022-06,5376.4992362177845
27380,via isabella andreini,2,2022,20222,,2022-09,5080.720310633214
27403,via jurij alekseevic gagarin,2,2022,20222,,2022-09,6381.13185483871
27404,via larga,1,2022,20221,2022,2022-06,55.93467741935484
27455,via larga,2,2022,20222,,2022-09,3120.186997110672
27506,via laura bassi veratti,1,2022,20221,2022,2022-06,4183.883119986346
27526,via laura bassi veratti,2,2022,20222,,2022-09,3796.1515531660693
27546,via leandro alberti,1,2022,20221,2022,2022-06,3483.763172043011
27563,via leandro alberti,2,2022,20222,,2022-09,3355.9653353814642
27580,via libia,1,2022,20221,2022,2022-06,6108.639302782045
27597,via libia,2,2022,20222,,2022-09,5920.832317801673
27614,via lippo di dalmasio,1,2022,20221,2022,2022-06,337.72005888376856
27616,via lippo di dalmasio,2,2022,20222,,2022-09,316.72078853046594
27618,via lombardia,1,2022,20221,2022,2022-06,1233.9014486260453
27636,via lombardia,2,2022,20222,,2022-09,1300.148357228196
27654,via luca signorelli,1,2022,20221,2022,2022-06,2698.264349718382
27661,via luca signorelli,2,2022,20222,,2022-09,2166.6618279569893
27668,via luigi calori,1,2022,20221,2022,2022-06,5930.546902201741
27679,via luigi calori,2,2022,20222,,2022-09,5781.33458781362
27690,via luigi longo,1,2022,20221,2022,2022-06,2530.332582351937
27696,via luigi longo,2,2022,20222,,2022-09,2559.652927120669
27702,via luigi pirandello,1,2022,20221,2022,2022-06,3659.781266001024
27718,via luigi pirandello,2,2022,20222,,2022-09,3661.146594982079
27734,via luigi valeriani,1,2022,20221,2022,2022-06,608.1612263184844
27739,via luigi valeriani,2,2022,20222,,2022-09,765.6672043010752
27744,via malpertuso,1,2022,20221,2022,2022-06,1129.9518305171532
27747,via malpertuso,2,2022,20222,,2022-09,1233.0032258064516
27750,via marcantonio franceschini,1,2022,20221,2022,2022-06,6474.406003584229
27755,via marcantonio franceschini,2,2022,20222,,2022-09,6105.710394265233
27760,via marco emilio lepido,1,2022,20221,2022,2022-06,4774.297563044035
27839,via marco emilio lepido,2,2022,20222,,2022-09,4148.6688928580015
27918,via marco polo,1,2022,20221,2022,2022-06,13051.484668885474
27944,via marco polo,2,2022,20222,,2022-09,8332.400403774413
27970,via marsili,1,2022,20221,2022,2022-06,2973.3600486431133
27972,via marsili,2,2022,20222,,2022-09,2874.6521505376345
27974,via marzabotto,1,2022,20221,2022,2022-06,3784.8929390681005
27999,via marzabotto,2,2022,20222,,2022-09,3242.9171326164874
28024,via marziale,1,2022,20221,2022,2022-06,1302.7268817204301
28028,via marziale,2,2022,20222,,2022-09,1158.8062724014337
28032,via mascarella,1,2022,20221,2022,2022-06,2467.2017409114183
28036,via mascarella,2,2022,20222,,2022-09,2411.069892473118
28040,via massenzio masia,1,2022,20221,2022,2022-06,1701.3444572452638
28041,via massenzio masia,2,2022,20222,,2022-09,1616.0363799283152
28042,via mazzini,1,2022,20221,2022,2022-06,6312.535231694829
28043,via mazzini,2,2022,20222,,2022-09,6052.515143369175
28044,via michelino,1,2022,20221,2022,2022-06,5453.889503328213
28078,via michelino,2,2022,20222,,2022-09,5009.073835125449
28112,via milano,1,2022,20221,2022,2022-06,915.4060291858679
28120,via milano,2,2022,20222,,2022-09,880.4302867383512
28128,via mondo,1,2022,20221,2022,2022-06,5237.838274449565
28142,via mondo,2,2022,20222,,2022-09,5031.700896057348
28156,via montefiorino,1,2022,20221,2022,2022-06,8341.748163082437
28168,via montefiorino,2,2022,20222,,2022-09,5960.0542114695345
28180,via niccolo' machiavelli,1,2022,20221,2022,2022-06,1042.1132488479263
28181,via niccolo' machiavelli,2,2022,20222,,2022-09,870.2189964157706
28182,via nicolo' dall'arca,1,2022,20221,2022,2022-06,3562.4918330773166
28183,via nicolo' dall'arca,2,2022,20222,,2022-09,5914.710215053764
28184,via nino bertocchi,1,2022,20221,2022,2022-06,0.0
28204,via nino bertocchi,2,2022,20222,,2022-09,1353.9229390681003
28224,via normandia,1,2022,20221,2022,2022-06,2524.3705581157196
28231,via normandia,2,2022,20222,,2022-09,3313.76164874552
28238,via nosadella,1,2022,20221,2022,2022-06,6608.602854582693
28240,via nosadella,2,2022,20222,,2022-09,6021.0451612903225
28242,via olindo guerrini,1,2022,20221,2022,2022-06,665.5061187916026
28244,via olindo guerrini,2,2022,20222,,2022-09,104.9247311827957
28246,via orazio samacchini,1,2022,20221,2022,2022-06,525.8853174603174
28248,via orazio samacchini,2,2022,20222,,2022-09,464.3362007168459
28250,via osoppo,1,2022,20221,2022,2022-06,488.5703277009729
28256,via osoppo,2,2022,20222,,2022-09,512.2333333333333
28262,via paganino bonafede,1,2022,20221,2022,2022-06,638.1504096262161
28263,via paganino bonafede,2,2022,20222,,2022-09,1588.9544802867383
28264,via panigale,1,2022,20221,2022,2022-06,2750.5422683051715
28282,via panigale,2,2022,20222,,2022-09,2562.563799283154
28300,via paolo bovi campeggi,1,2022,20221,2022,2022-06,5278.036047107015
28315,via paolo bovi campeggi,2,2022,20222,,2022-09,5247.886379928315
28330,via parisio,1,2022,20221,2022,2022-06,2923.6706029185866
28342,via parisio,2,2022,20222,,2022-09,2656.133422939068
28354,via pasubio,1,2022,20221,2022,2022-06,3316.145906938044
28374,via pasubio,2,2022,20222,,2022-09,3221.601164874552
28394,via pelagio palagi,1,2022,20221,2022,2022-06,7454.637147977471
28407,via pelagio palagi,2,2022,20222,,2022-09,6776.836116822246
28420,via pellegrino tibaldi,1,2022,20221,2022,2022-06,6503.81145673323
28423,via pellegrino tibaldi,2,2022,20222,,2022-09,7375.445161290322
28426,via persicetana,1,2022,20221,2022,2022-06,6693.628405017921
28464,via persicetana,2,2022,20222,,2022-09,6314.832974910394
28502,via pier luigi da palestrina,1,2022,20221,2022,2022-06,889.8878328213005
28515,via pier luigi da palestrina,2,2022,20222,,2022-09,1541.4545454545455
28528,via pier paolo molinelli,2,2022,20222,,2022-09,4040.4088709677417
28548,via pietro albertoni,1,2022,20221,2022,2022-06,3363.736226318484
28553,via pietro albertoni,2,2022,20222,,2022-09,2900.1100358422937
28558,via pietro de coubertin,1,2022,20221,2022,2022-06,2260.4508000512033
28564,via pietro de coubertin,2,2022,20222,,2022-09,2299.5466845878136
28570,via pietro mascagni,1,2022,20221,2022,2022-06,3765.312698412699
28578,via pietro mascagni,2,2022,20222,,2022-09,4592.203584229391
28586,via pietro mengoli,1,2022,20221,2022,2022-06,4726.689490527394
28602,via pietro mengoli,2,2022,20222,,2022-09,4468.126120071684
28618,via pietro nenni,1,2022,20221,2022,2022-06,2514.123271889401
28625,via pietro nenni,2,2022,20222,,2022-09,2318.0360215053765
28632,via pietro pomponazzi,1,2022,20221,2022,2022-06,1267.8482846902202
28634,via pietro pomponazzi,2,2022,20222,,2022-09,1136.4308243727598
28636,via po,1,2022,20221,2022,2022-06,9859.136955965181
28645,via po,2,2022,20222,,2022-09,7018.283691756272
28654,via porrettana,1,2022,20221,2022,2022-06,3101.63562041304
28693,via porrettana,2,2022,20222,,2022-09,2963.3279569892475
28732,via prati di caprara,1,2022,20221,2022,2022-06,15936.95302739375
28744,via prati di caprara,2,2022,20222,,2022-09,11052.102240143371
28756,via quarto di sopra,2,2022,20222,,2022-09,1116.1188769414575
28763,via ravenna,1,2022,20221,2022,2022-06,1016.0124167946748
28767,via ravenna,2,2022,20222,,2022-09,1527.376164874552
28771,via rialto,1,2022,20221,2022,2022-06,1378.8600230414747
28774,via rialto,2,2022,20222,,2022-09,1245.9689964157706
28777,via rimesse,1,2022,20221,2022,2022-06,4392.451011264721
28792,via rimesse,2,2022,20222,,2022-09,4160.678494623656
28807,via riva di reno,1,2022,20221,2022,2022-06,2862.0423707117257
28824,via riva di reno,2,2022,20222,,2022-09,2629.9879629629627
28841,via rizzoli,1,2022,20221,2022,2022-06,2242.857987711214
28842,via rizzoli,2,2022,20222,,2022-09,2209.4505376344086
28843,via roberto ardigo',1,2022,20221,2022,2022-06,285.5180363543267
28844,via roberto ardigo',2,2022,20222,,2022-09,246.7489247311828
28845,via romolo amaseo,1,2022,20221,2022,2022-06,10882.008819764465
28847,via romolo amaseo,2,2022,20222,,2022-09,15516.062724014337
28849,via roncaglio,1,2022,20221,2022,2022-06,2800.0434782608695
28863,via roncaglio,2,2022,20222,,2022-09,2704.0701205604432
28877,via ruggero ruggeri,1,2022,20221,2022,2022-06,2463.6496223758318
28885,via ruggero ruggeri,2,2022,20222,,2022-09,2384.8284050179213
28893,via s.anna,1,2022,20221,2022,2022-06,1494.8344854070663
28894,via s.anna,2,2022,20222,,2022-09,1419.2454301075268
28895,via s.donato,1,2022,20221,2022,2022-06,7398.2301740911425
28896,via s.donato,2,2022,20222,,2022-09,7165.64364874552
28897,via s.felice,1,2022,20221,2022,2022-06,3475.523446833931
28898,via s.felice,2,2022,20222,,2022-09,3791.069713261649
28899,via s.isaia,1,2022,20221,2022,2022-06,1415.3595494111623
28900,via s.isaia,2,2022,20222,,2022-09,1226.0720430107529
28901,via s.mamolo,1,2022,20221,2022,2022-06,5168.558042114695
28902,via s.mamolo,2,2022,20222,,2022-09,1916.0428315412184
28903,via s.nicolo' di villola,1,2022,20221,2022,2022-06,366.32045570916534
28904,via s.nicolo' di villola,2,2022,20222,,2022-09,355.7293906810036
28905,via s.stefano,1,2022,20221,2022,2022-06,4594.125238948626
28906,via s.stefano,2,2022,20222,,2022-09,3961.1037037037036
28907,via s.vitale,1,2022,20221,2022,2022-06,6822.812365591398
28908,via s.vitale,2,2022,20222,,2022-09,1266.5718637992832
28909,via sabotino,1,2022,20221,2022,2022-06,19503.226945724527
28918,via sabotino,2,2022,20222,,2022-09,18530.035663082435
28927,via san donato,1,2022,20221,2022,2022-06,2454.5252150537635
29032,via san donato,2,2022,20222,,2022-09,4811.975915384075
29137,via santa barbara,2,2022,20222,,2022-09,1048.4975806451612
29145,via sante vincenzi,1,2022,20221,2022,2022-06,4516.6939068100355
29165,via sante vincenzi,2,2022,20222,,2022-09,4033.2378136200714
29185,via saragozza,1,2022,20221,2022,2022-06,6852.8555299539175
29230,via saragozza,2,2022,20222,,2022-09,5926.621617383513
29275,via sardegna,1,2022,20221,2022,2022-06,1104.5278545826934
29283,via sardegna,2,2022,20222,,2022-09,71.64148745519714
29291,via sebastiano serlio,1,2022,20221,2022,2022-06,2804.690360983103
29298,via sebastiano serlio,2,2022,20222,,2022-09,1481.5715949820788
29305,via serena,1,2022,20221,2022,2022-06,1915.6845622119818
29307,via serena,2,2022,20222,,2022-09,1802.2870967741935
29309,via siepelunga,1,2022,20221,2022,2022-06,2339.6107782898107
29325,via siepelunga,2,2022,20222,,2022-09,533.2488052568698
29341,via simone dei crocefissi,1,2022,20221,2022,2022-06,8918.759837429596
29345,via simone dei crocefissi,2,2022,20222,,2022-09,9139.830376344085
29349,via spartaco,1,2022,20221,2022,2022-06,1319.47311827957
29360,via spartaco,2,2022,20222,,2022-09,1135.4797491039426
29371,via stalingrado,1,2022,20221,2022,2022-06,12384.994959362104
29442,via stalingrado,2,2022,20222,,2022-09,11743.700134408602
29513,via tagliapietre,1,2022,20221,2022,2022-06,4855.58373015873
29517,via tolmino,1,2022,20221,2022,2022-06,10978.001570233828
29524,via tolmino,2,2022,20222,,2022-09,8111.871502516587
29531,via tommaso martelli,1,2022,20221,2022,2022-06,5546.030958781362
29541,via tommaso martelli,2,2022,20222,,2022-09,4474.430711186568
29551,via torino,1,2022,20221,2022,2022-06,7501.774558371736
29556,via torino,2,2022,20222,,2022-09,5446.841480562448
29561,via toscana,1,2022,20221,2022,2022-06,8325.167512923
29681,via toscana,2,2022,20222,,2022-09,7877.944193548387
29801,via ugo bassi,1,2022,20221,2022,2022-06,2875.420513312852
29811,via ugo bassi,2,2022,20222,,2022-09,2784.8647849462363
29821,via ugo la malfa,1,2022,20221,2022,2022-06,1640.2289170506913
29825,via ugo la malfa,2,2022,20222,,2022-09,1392.251075268817
29829,via umberto terracini,1,2022,20221,2022,2022-06,14012.078626898789
29839,via umberto terracini,2,2022,20222,,2022-09,13805.312962962962
29849,via urbana,1,2022,20221,2022,2022-06,1431.3165002560163
29853,via urbana,2,2022,20222,,2022-09,284.578853046595
29857,via vallescura,1,2022,20221,2022,2022-06,505.7213389656938
29867,via vallescura,2,2022,20222,,2022-09,555.3241935483871
29877,via vasco de gama,2,2022,20222,,2022-09,1159.0586021505378
29891,via vermena,1,2022,20221,2022,2022-06,1894.7495775729647
29900,via vermena,2,2022,20222,,2022-09,1632.2449820788531
29909,via vezza,1,2022,20221,2022,2022-06,1836.6121863799283
29916,via vezza,2,2022,20222,,2022-09,489.534229390681
29923,via vittorio bigari,2,2022,20222,,2022-09,17.939285714285713
29927,via vittorio bottego,1,2022,20221,2022,2022-06,229.26842037890424
29928,via vittorio bottego,2,2022,20222,,2022-09,288.2440860215054
29929,via vittorio peglion,1,2022,20221,2022,2022-06,2622.8731182795696
29939,via vittorio peglion,2,2022,20222,,2022-09,3624.813082437276
29949,via vittorio veneto,1,2022,20221,2022,2022-06,4971.297235023041
29958,via vittorio veneto,2,2022,20222,,2022-09,5028.190800477897
29967,via william shakespeare,1,2022,20221,2022,2022-06,3149.503515425398
29987,via william shakespeare,2,2022,20222,,2022-09,4130.436057347671
30007,via xxi aprile 1945,1,2022,20221,2022,2022-06,4585.357923707117
30008,via xxi aprile 1945,2,2022,20222,,2022-09,4223.851971326165
30009,viale abramo lincoln,1,2022,20221,2022,2022-06,4370.969982078853
30032,viale abramo lincoln,2,2022,20222,,2022-09,4030.262634408602
30055,viale alcide de gasperi,1,2022,20221,2022,2022-06,14397.43440006827
30064,viale alcide de gasperi,2,2022,20222,,2022-09,13855.29486260454
30073,viale aldo moro,1,2022,20221,2022,2022-06,7862.167178699437
30088,viale aldo moro,2,2022,20222,,2022-09,7431.288142174432
30103,viale alfredo oriani,1,2022,20221,2022,2022-06,2610.759696620584
30113,viale alfredo oriani,2,2022,20222,,2022-09,2227.1063620071686
30123,viale angelo masini,1,2022,20221,2022,2022-06,9440.301623570575
30137,viale angelo masini,2,2022,20222,,2022-09,7948.380734767025
30151,viale antonio aldini,1,2022,20221,2022,2022-06,13629.125816052227
30169,viale antonio aldini,2,2022,20222,,2022-09,14759.399238351254
30187,viale antonio silvani,1,2022,20221,2022,2022-06,10402.829121863799
30196,viale antonio silvani,2,2022,20222,,2022-09,10339.135931899642
30205,viale carlo berti pichat,1,2022,20221,2022,2022-06,11501.971695255163
30210,viale carlo berti pichat,2,2022,20222,,2022-09,11809.962544802867
30215,viale carlo pepoli,1,2022,20221,2022,2022-06,12980.517221368835
30229,viale carlo pepoli,2,2022,20222,,2022-09,12212.796356033452
30243,viale del risorgimento,1,2022,20221,2022,2022-06,2201.6232206861237
30246,viale del risorgimento,2,2022,20222,,2022-09,0.005376344086021505
30249,viale della fiera,1,2022,20221,2022,2022-06,6031.902086533538
30254,viale della fiera,2,2022,20222,,2022-09,5639.594623655914
30259,viale della repubblica,1,2022,20221,2022,2022-06,7225.841020225295
30278,viale della repubblica,2,2022,20222,,2022-09,7023.575358422939
30297,viale enrico panzacchi,1,2022,20221,2022,2022-06,12320.969448711383
30306,viale enrico panzacchi,2,2022,20222,,2022-09,12888.275985663082
30315,viale europa,1,2022,20221,2022,2022-06,9509.148448256245
30333,viale europa,2,2022,20222,,2022-09,9593.600597371566
30351,viale felsina,2,2022,20222,,2022-09,1479.5132974910393
30409,viale gaetano salvemini,1,2022,20221,2022,2022-06,4663.583700899714
30434,viale gaetano salvemini,2,2022,20222,,2022-09,4293.292242703533
30459,viale gian battista ercolani,1,2022,20221,2022,2022-06,9055.972775857656
30460,viale gian battista ercolani,2,2022,20222,,2022-09,8907.01899641577
30461,viale giosue' carducci,1,2022,20221,2022,2022-06,11471.115484724354
30462,viale giosue' carducci,2,2022,20222,,2022-09,16145.55394265233
30463,viale giovanni gozzadini,1,2022,20221,2022,2022-06,16305.686853558627
30474,viale giovanni gozzadini,2,2022,20222,,2022-09,14874.678763440861
30485,viale giovanni vicini,1,2022,20221,2022,2022-06,13744.111346646185
30496,viale giovanni vicini,2,2022,20222,,2022-09,13027.436093189965
30507,viale ilic uljanov lenin,1,2022,20221,2022,2022-06,11690.880879842976
30526,viale ilic uljanov lenin,2,2022,20222,,2022-09,7510.831481481481
30545,viale m. karamchand gandhi,1,2022,20221,2022,2022-06,11482.048463901689
30546,viale m. karamchand gandhi,2,2022,20222,,2022-09,10971.308741537236
30547,viale palmiro togliatti,1,2022,20221,2022,2022-06,19392.04490527394
30566,viale palmiro togliatti,2,2022,20222,,2022-09,18297.65755248336
30585,viale pietro pietramellara,1,2022,20221,2022,2022-06,12609.666259885076
30604,viale pietro pietramellara,2,2022,20222,,2022-09,12344.950935882118
30623,viale quirico filopanti,1,2022,20221,2022,2022-06,15760.17621607783
30631,viale quirico filopanti,2,2022,20222,,2022-09,16254.23458781362
30639,viale roma,1,2022,20221,2022,2022-06,14816.024679979519
30651,viale roma,2,2022,20222,,2022-09,13779.881877240143
30663,viale sandro pertini,1,2022,20221,2022,2022-06,17499.071151220345
30679,viale sandro pertini,2,2022,20222,,2022-09,17709.59139784946
30695,viale vladimir ilic uljanov lenin,2,2022,20222,,2022-09,3607.4892114695344
30696,viale zagabria,1,2022,20221,2022,2022-06,1462.2386712749615
30705,viale zagabria,2,2022,20222,,2022-09,1166.4259856630824
30714,largo bartolo nigrisoli,1,2023,20231,2023,2023-06,1365.3737274220032
30723,largo bartolo nigrisoli,2,2023,20232,,2023-09,1083.3721326164875
30732,largo card. giacomo lercaro,1,2023,20231,2023,2023-06,2760.6167421473597
30733,largo card. giacomo lercaro,2,2023,20232,,2023-09,2441.2706093189963
30734,largo mariele ventre,1,2023,20231,2023,2023-06,14723.806945106555
30735,largo mariele ventre,2,2023,20232,,2023-09,13633.347491039427
30736,largo vittime lager nazisti,1,2023,20231,2023,2023-06,1171.4995073891625
30737,largo vittime lager nazisti,2,2023,20232,,2023-09,1112.8044802867382
30738,mura di porta galliera,1,2023,20231,2023,2023-06,1115.5614328972226
30739,mura di porta galliera,2,2023,20232,,2023-09,574.1482078853047
30740,nome via da istituire,1,2023,20231,2023,2023-06,1443.2804160707665
30741,nome via da istituire,2,2023,20232,,2023-09,1264.427688172043
30742,p.le atleti azzurri d'italia,1,2023,20231,2023,2023-06,2984.105654210145
30743,p.le atleti azzurri d'italia,2,2023,20232,,2023-09,2622.660125448029
30744,passaggio a. marescalchi,1,2023,20231,2023,2023-06,650.4082379893003
30745,passaggio a. marescalchi,2,2023,20232,,2023-09,582.3842293906811
30746,piazza adam mickiewicz,1,2023,20231,2023,2023-06,5869.735610554938
30752,piazza adam mickiewicz,2,2023,20232,,2023-09,5259.801433691756
30758,piazza aldrovandi,1,2023,20231,2023,2023-06,1247.2264987993715
30761,piazza aldrovandi,2,2023,20232,,2023-09,1372.4820788530467
30764,piazza belluno,1,2023,20231,2023,2023-06,2192.7233601709127
30771,piazza belluno,2,2023,20232,,2023-09,2001.0396953405018
30778,piazza della costituzione,1,2023,20231,2023,2023-06,359.9399862280841
30795,piazza della costituzione,2,2023,20232,,2023-09,406.7462365591398
30812,piazza delle medaglie d'oro,1,2023,20231,2023,2023-06,4800.042643943006
30813,piazza delle medaglie d'oro,2,2023,20232,,2023-09,4570.161827956989
30814,piazza di porta castiglione,1,2023,20231,2023,2023-06,1999.7132338400695
30828,piazza di porta castiglione,2,2023,20232,,2023-09,1726.5195340501793
30842,piazza di porta s.isaia,1,2023,20231,2023,2023-06,5882.147696735349
30843,piazza di porta s.isaia,2,2023,20232,,2023-09,5204.166666666667
30844,piazza di porta s.mamolo,1,2023,20231,2023,2023-06,12942.111673022935
30845,piazza di porta s.mamolo,2,2023,20232,,2023-09,11420.787455197133
30846,piazza di porta s.vitale,1,2023,20231,2023,2023-06,17268.032508784014
30847,piazza di porta s.vitale,2,2023,20232,,2023-09,16401.4311827957
30848,piazza malpighi,1,2023,20231,2023,2023-06,3941.875072832247
30857,piazza malpighi,2,2023,20232,,2023-09,4332.975806451613
30866,piazza porta ravegnana,1,2023,20231,2023,2023-06,932.5089142256828
30867,piazza porta ravegnana,2,2023,20232,,2023-09,463.26039426523295
30868,piazza renzo imbeni,1,2023,20231,2023,2023-06,605.5161206455144
30869,piazza renzo imbeni,2,2023,20232,,2023-09,615.0482078853047
30870,piazza trento e trieste,1,2023,20231,2023,2023-06,4409.422334192607
30886,piazza trento e trieste,2,2023,20232,,2023-09,4151.155675029869
30902,piazza xx settembre,1,2023,20231,2023,2023-06,11955.870359040908
30903,piazza xx settembre,2,2023,20232,,2023-09,11618.847371565113
30904,strada maggiore,1,2023,20231,2023,2023-06,2997.931928185933
30914,strada maggiore,2,2023,20232,,2023-09,2689.367204301075
30924,tangenziale casalecchio-san lazzaro,1,2023,20231,2023,2023-06,2136.107866765542
30925,tangenziale casalecchio-san lazzaro,2,2023,20232,,2023-09,3336.5354838709677
30926,tangenziale san lazzaro-casalecchio,1,2023,20231,2023,2023-06,2852.28420069919
30927,tangenziale san lazzaro-casalecchio,2,2023,20232,,2023-09,2993.3324372759857
30928,via adige,1,2023,20231,2023,2023-06,1276.1354008863464
30937,via adige,2,2023,20232,,2023-09,1221.5779569892472
30946,via adolfo de carolis,1,2023,20231,2023,2023-06,0.0
30958,via adolfo de carolis,2,2023,20232,,2023-09,577.260394265233
30970,via agucchi,1,2023,20231,2023,2023-06,4122.477620195278
31005,via agucchi,2,2023,20232,,2023-09,3192.375806451613
31040,via alberelli,1,2023,20231,2023,2023-06,500.13544811695533
31044,via alberelli,2,2023,20232,,2023-09,590.405376344086
31048,via alberto calda,1,2023,20231,2023,2023-06,2434.913203382948
31056,via alberto calda,2,2023,20232,,2023-09,2251.6784946236558
31064,via alberto dallolio,1,2023,20231,2023,2023-06,3454.7201957201123
31078,via alberto dallolio,2,2023,20232,,2023-09,3117.976523297491
31092,via alberto mario,1,2023,20231,2023,2023-06,3135.89846743295
31104,via alberto mario,2,2023,20232,,2023-09,2256.7232078853044
31116,via alessandro guidotti,1,2023,20231,2023,2023-06,2258.212296290411
31121,via alessandro guidotti,2,2023,20232,,2023-09,2018.2080645161288
31126,via alessandro tiarini,1,2023,20231,2023,2023-06,6315.415659080342
31136,via alessandro tiarini,2,2023,20232,,2023-09,3462.6998207885304
31146,via alfonso lombardi,1,2023,20231,2023,2023-06,2693.339601762099
31149,via alfonso lombardi,2,2023,20232,,2023-09,2513.114336917563
31152,via alfonso rubbiani,1,2023,20231,2023,2023-06,4215.63314396949
31155,via alfonso rubbiani,2,2023,20232,,2023-09,3206.6813620071684
31158,via alfonso torreggiani,1,2023,20231,2023,2023-06,3721.7735376167525
31160,via alfonso torreggiani,2,2023,20232,,2023-09,3315.6840501792117
31162,via amedeo parmeggiani,1,2023,20231,2023,2023-06,3173.2904792803292
31164,via amedeo parmeggiani,2,2023,20232,,2023-09,3074.583602150538
31166,via amilcare ponchielli,1,2023,20231,2023,2023-06,1655.207599713968
31175,via amilcare ponchielli,2,2023,20232,,2023-09,464.52497013142175
31184,via andrea costa,1,2023,20231,2023,2023-06,8039.69008493785
31245,via andrea costa,2,2023,20232,,2023-09,8067.403024193548
31306,via antonio cavalieri ducati,1,2023,20231,2023,2023-06,8546.316822483535
31320,via antonio cavalieri ducati,2,2023,20232,,2023-09,7947.7301075268815
31334,via antonio giuriolo,1,2023,20231,2023,2023-06,1851.9455541430514
31336,via antonio giuriolo,2,2023,20232,,2023-09,1718.970340501792
31338,via antonio labriola,1,2023,20231,2023,2023-06,1166.6045924042587
31341,via antonio labriola,2,2023,20232,,2023-09,1053.6437275985663
31344,via antonio vivaldi,1,2023,20231,2023,2023-06,403.52106176174584
31345,via antonio vivaldi,2,2023,20232,,2023-09,378.76505376344085
31346,via arcangelo corelli,1,2023,20231,2023,2023-06,3986.234269558769
31358,via arcangelo corelli,2,2023,20232,,2023-09,3865.533691756272
31370,via aristotile fioravanti,1,2023,20231,2023,2023-06,6583.345344827586
31389,via aristotile fioravanti,2,2023,20232,,2023-09,5979.050107526881
31408,via arno,1,2023,20231,2023,2023-06,5648.720859302812
31426,via arno,2,2023,20232,,2023-09,5225.186887694145
31444,via augusto murri,1,2023,20231,2023,2023-06,8607.146502768026
31504,via augusto murri,2,2023,20232,,2023-09,8061.552818507657
31564,via augusto romagnoli,1,2023,20231,2023,2023-06,870.4590824019634
31570,via augusto romagnoli,2,2023,20232,,2023-09,1088.1974910394265
31576,via aurelio saffi,1,2023,20231,2023,2023-06,8905.266178837745
31590,via aurelio saffi,2,2023,20232,,2023-09,6359.624044205496
31604,via azzurra,1,2023,20231,2023,2023-06,5172.658264473754
31617,via azzurra,2,2023,20232,,2023-09,3216.5014934289125
31630,via bassa dei sassi,1,2023,20231,2023,2023-06,3544.686579444533
31636,via bassa dei sassi,2,2023,20232,,2023-09,3401.8406810035845
31642,via battindarno,1,2023,20231,2023,2023-06,5855.143341455233
31702,via battindarno,2,2023,20232,,2023-09,5257.7918996415765
31762,via bellaria,1,2023,20231,2023,2023-06,2163.29212535218
31782,via bellaria,2,2023,20232,,2023-09,2106.924987199181
31802,via benedetto marcello,1,2023,20231,2023,2023-06,5502.060594443562
31813,via benedetto marcello,2,2023,20232,,2023-09,5325.7465053763435
31824,via borgonuovo,1,2023,20231,2023,2023-06,1649.0740293447745
31825,via borgonuovo,2,2023,20232,,2023-09,1380.2955197132617
31826,via cadriano,1,2023,20231,2023,2023-06,1806.8781011088158
31854,via cadriano,2,2023,20232,,2023-09,1732.8505973715653
31882,via caduti di amola,1,2023,20231,2023,2023-06,1823.3044533608772
31896,via caduti di amola,2,2023,20232,,2023-09,1716.050358422939
31910,via caduti di casteldebole,1,2023,20231,2023,2023-06,1170.3729642283313
31928,via caduti di casteldebole,2,2023,20232,,2023-09,1064.7037634408603
31946,via calabria,1,2023,20231,2023,2023-06,1878.4164336034748
31977,via calabria,2,2023,20232,,2023-09,1757.8166666666666
32008,via calamosco,1,2023,20231,2023,2023-06,1363.6735060561116
32020,via calamosco,2,2023,20232,,2023-09,1317.1578853046594
32032,via camillo casarini,1,2023,20231,2023,2023-06,900.5602772922294
32051,via camillo casarini,2,2023,20232,,2023-09,766.7093189964157
32070,via camillo ranzani,1,2023,20231,2023,2023-06,8809.847115401592
32074,via camillo ranzani,2,2023,20232,,2023-09,8180.7299283154125
32078,via capo di lucca,1,2023,20231,2023,2023-06,393.2596142980737
32083,via capo di lucca,2,2023,20232,,2023-09,361.7716845878136
32088,via cardinale g. de albornoz,1,2023,20231,2023,2023-06,4018.8710101170614
32089,via cardinale g. de albornoz,2,2023,20232,,2023-09,3568.613978494624
32090,via carlo alberto pizzardi,1,2023,20231,2023,2023-06,800.4798654148349
32099,via carlo alberto pizzardi,2,2023,20232,,2023-09,705.4512544802868
32108,via carlo sigonio,1,2023,20231,2023,2023-06,3073.746032481711
32122,via carlo sigonio,2,2023,20232,,2023-09,2741.7389486260454
32136,via casteldebole,1,2023,20231,2023,2023-06,2904.949615975422
32163,via casteldebole,2,2023,20232,,2023-09,3111.295878136201
32190,via castiglione,1,2023,20231,2023,2023-06,4509.236800258665
32219,via castiglione,2,2023,20232,,2023-09,3857.8024641577063
32248,via cesare battisti,1,2023,20231,2023,2023-06,1537.577489538641
32251,via cesare battisti,2,2023,20232,,2023-09,1282.5924731182795
32254,via cesare boldrini,1,2023,20231,2023,2023-06,2148.4881784434206
32257,via cesare boldrini,2,2023,20232,,2023-09,2041.9189964157704
32260,via cesare gnudi,1,2023,20231,2023,2023-06,3661.1152674047003
32263,via cesare gnudi,2,2023,20232,,2023-09,2686.3743727598567
32266,via cesare pavese,1,2023,20231,2023,2023-06,927.2668167452372
32273,via cesare pavese,2,2023,20232,,2023-09,901.3908602150537
32280,via cimabue,1,2023,20231,2023,2023-06,766.1455801860975
32284,via cimabue,2,2023,20232,,2023-09,648.0625448028674
32288,via cleto tomba,1,2023,20231,2023,2023-06,808.911374190017
32291,via cleto tomba,2,2023,20232,,2023-09,243.57275985663082
32294,via colombarola,1,2023,20231,2023,2023-06,1552.9202636968766
32302,via colombarola,2,2023,20232,,2023-09,1400.1537634408603
32310,via cracovia,1,2023,20231,2023,2023-06,1442.8075639599556
32324,via cracovia,2,2023,20232,,2023-09,1249.5406810035843
32338,via cristoforo colombo,1,2023,20231,2023,2023-06,10246.510475484223
32406,via cristoforo colombo,2,2023,20232,,2023-09,9427.051792114695
32474,via croce di camaldoli,1,2023,20231,2023,2023-06,1016.689597789431
32481,via croce di camaldoli,2,2023,20232,,2023-09,756.7693548387097
32488,via d'azeglio,1,2023,20231,2023,2023-06,2482.9150508942917
32489,via d'azeglio,2,2023,20232,,2023-09,1693.0693548387096
32490,via dante,1,2023,20231,2023,2023-06,1905.0346001730315
32491,via dante,2,2023,20232,,2023-09,2842.4860215053764
32492,via de' carracci,1,2023,20231,2023,2023-06,5951.813663329626
32505,via de' carracci,2,2023,20232,,2023-09,5705.430747567844
32518,via degli orti,1,2023,20231,2023,2023-06,9750.40466012879
32547,via degli orti,2,2023,20232,,2023-09,9086.649283154122
32576,via degli ortolani,1,2023,20231,2023,2023-06,11894.006237419884
32587,via degli ortolani,2,2023,20232,,2023-09,9661.676612903226
32598,via degli stradelli guelfi,1,2023,20231,2023,2023-06,2477.8847837985772
32604,via degli stradelli guelfi,2,2023,20232,,2023-09,248.86559139784944
32610,via dei lamponi,1,2023,20231,2023,2023-06,1498.9907059431114
32623,via dei lamponi,2,2023,20232,,2023-09,1487.4790322580645
32636,via dei mille,1,2023,20231,2023,2023-06,4786.337267378215
32639,via dei mille,2,2023,20232,,2023-09,4546.675089605735
32642,via del borgo di s.pietro,1,2023,20231,2023,2023-06,1298.6226128679132
32643,via del borgo di s.pietro,2,2023,20232,,2023-09,621.8171146953405
32644,via del dazio,1,2023,20231,2023,2023-06,3605.7341646509053
32662,via del dazio,2,2023,20232,,2023-09,3215.4563321385904
32680,via del fonditore,1,2023,20231,2023,2023-06,2393.245014301605
32694,via del fonditore,2,2023,20232,,2023-09,2338.812007168459
32708,via del gomito,1,2023,20231,2023,2023-06,4510.4432689761115
32721,via del gomito,2,2023,20232,,2023-09,4412.078673835126
32734,via del lavoro,1,2023,20231,2023,2023-06,5023.785720612556
32743,via del lavoro,2,2023,20232,,2023-09,4470.088112305854
32752,via del pallone,1,2023,20231,2023,2023-06,2666.2674501650863
32753,via del pallone,2,2023,20232,,2023-09,3576.5320788530466
32754,via del pilastro,1,2023,20231,2023,2023-06,683.9674881261367
32774,via del pilastro,2,2023,20232,,2023-09,640.8767025089605
32794,via del pozzo,1,2023,20231,2023,2023-06,954.0968845454385
32804,via del pozzo,2,2023,20232,,2023-09,681.3724014336918
32814,via del timavo,1,2023,20231,2023,2023-06,2845.9749549764288
32824,via del timavo,2,2023,20232,,2023-09,2487.955465949821
32834,via del triumvirato,1,2023,20231,2023,2023-06,6339.702621519501
32913,via del triumvirato,2,2023,20232,,2023-09,5411.546624850657
32992,via dell'angelo custode,1,2023,20231,2023,2023-06,1031.8216766424775
33010,via dell'angelo custode,2,2023,20232,,2023-09,1083.2745519713262
33028,via dell'artigiano,1,2023,20231,2023,2023-06,12184.164461394495
33030,via dell'artigiano,2,2023,20232,,2023-09,11682.342025089607
33032,via dell'indipendenza,1,2023,20231,2023,2023-06,3239.9026774311255
33037,via dell'indipendenza,2,2023,20232,,2023-09,3001.9038829151737
33042,via dell'industria,1,2023,20231,2023,2023-06,71.98313249289335
33061,via dell'industria,2,2023,20232,,2023-09,1.053853046594982
33080,via della barca,1,2023,20231,2023,2023-06,7915.731494944412
33120,via della barca,2,2023,20232,,2023-09,7379.62192353644
33160,via della battaglia,1,2023,20231,2023,2023-06,1273.5937807881774
33187,via della battaglia,2,2023,20232,,2023-09,1168.766935483871
33214,via della beverara,1,2023,20231,2023,2023-06,3220.9857098716384
33269,via della beverara,2,2023,20232,,2023-09,2934.0882616487456
33324,via della ca' bianca,1,2023,20231,2023,2023-06,2005.4450460829494
33326,via della ca' bianca,2,2023,20232,,2023-09,1113.7879928315413
33328,via della certosa,1,2023,20231,2023,2023-06,1396.045034164945
33332,via della certosa,2,2023,20232,,2023-09,1405.5890681003584
33336,via della croce coperta,1,2023,20231,2023,2023-06,3804.751529918605
33362,via della croce coperta,2,2023,20232,,2023-09,3747.5362007168455
33388,via della crocetta,1,2023,20231,2023,2023-06,942.2864470222645
33390,via della crocetta,2,2023,20232,,2023-09,887.0797491039426
33392,via della direttissima,1,2023,20231,2023,2023-06,1553.074786358741
33395,via della direttissima,2,2023,20232,,2023-09,1422.2985663082436
33398,via della dozza,1,2023,20231,2023,2023-06,853.9344028638524
33406,via della dozza,2,2023,20232,,2023-09,834.0485663082437
33414,via della foscherara,1,2023,20231,2023,2023-06,7057.920656991013
33418,via della foscherara,2,2023,20232,,2023-09,6642.931182795699
33422,via della liberazione,1,2023,20231,2023,2023-06,7875.66431396437
33426,via della liberazione,2,2023,20232,,2023-09,7182.7717741935485
33430,via della pietra,1,2023,20231,2023,2023-06,12024.454183219452
33447,via della pietra,2,2023,20232,,2023-09,11936.09193548387
33464,via della salute,1,2023,20231,2023,2023-06,2808.75724780179
33514,via della salute,2,2023,20232,,2023-09,2651.572670250896
33564,via delle armi,1,2023,20231,2023,2023-06,1040.0129080812897
33568,via delle armi,2,2023,20232,,2023-09,1154.8218637992832
33572,via delle borre,1,2023,20231,2023,2023-06,1607.5266457680252
33575,via delle borre,2,2023,20232,,2023-09,1449.4876344086022
33578,via delle lame,1,2023,20231,2023,2023-06,4846.864001447817
33589,via delle lame,2,2023,20232,,2023-09,3903.8561529271205
33600,via dell’arcoveggio,1,2023,20231,2023,2023-06,3107.7825822783693
33601,via dell’arcoveggio,2,2023,20232,,2023-09,3156.326254480287
33602,via di casaglia,1,2023,20231,2023,2023-06,1969.5554582251887
33628,via di casaglia,2,2023,20232,,2023-09,1805.6669354838712
33654,via di corticella,1,2023,20231,2023,2023-06,6760.369589572944
33739,via di corticella,2,2023,20232,,2023-09,6924.155376344086
33824,via di s.luca,1,2023,20231,2023,2023-06,1194.6558292282432
33825,via di s.luca,2,2023,20232,,2023-09,1151.3189964157707
33826,via di saliceto,1,2023,20231,2023,2023-06,3643.05248600738
33847,via di saliceto,2,2023,20232,,2023-09,3351.4098566308244
33868,via dionisio calvart,1,2023,20231,2023,2023-06,2515.8932742730017
33870,via dionisio calvart,2,2023,20232,,2023-09,2322.696774193548
33872,via domenico biancolelli,1,2023,20231,2023,2023-06,2186.249874419549
33886,via domenico biancolelli,2,2023,20232,,2023-09,2195.0417562724015
33900,via domenico zampieri,1,2023,20231,2023,2023-06,1655.3389193460105
33903,via domenico zampieri,2,2023,20232,,2023-09,1574.4596774193549
33906,via don giovanni minzoni,1,2023,20231,2023,2023-06,5908.795466302948
33917,via don giovanni minzoni,2,2023,20232,,2023-09,5530.511917562723
33928,via don luigi sturzo,1,2023,20231,2023,2023-06,4670.179619219768
33947,via don luigi sturzo,2,2023,20232,,2023-09,4405.507526881721
33966,via donato creti,1,2023,20231,2023,2023-06,10332.868319296573
33980,via donato creti,2,2023,20232,,2023-09,9811.468010752687
33994,via duccio di boninsegna,1,2023,20231,2023,2023-06,1189.6126485336442
33998,via duccio di boninsegna,2,2023,20232,,2023-09,1119.3838709677418
34002,via due madonne,1,2023,20231,2023,2023-06,6216.457531913767
34032,via due madonne,2,2023,20232,,2023-09,5222.552401433692
34062,via edoardo ferravilla,1,2023,20231,2023,2023-06,500.4379928315412
34068,via edoardo ferravilla,2,2023,20232,,2023-09,1532.5772401433694
34074,via emilia levante,1,2023,20231,2023,2023-06,4775.933660990166
34139,via emilia levante,2,2023,20232,,2023-09,4264.936200716846
34204,via emilia ponente,1,2023,20231,2023,2023-06,5254.302618839527
34272,via emilia ponente,2,2023,20232,,2023-09,4493.326779313876
34340,via emilio salgari,1,2023,20231,2023,2023-06,1164.268958896128
34346,via emilio salgari,2,2023,20232,,2023-09,1096.6220430107526
34352,via enrico mattei,1,2023,20231,2023,2023-06,8187.924211940369
34397,via enrico mattei,2,2023,20232,,2023-09,7753.092771804062
34442,via ermanno galeotti,1,2023,20231,2023,2023-06,12516.742003902044
34443,via ermanno galeotti,2,2023,20232,,2023-09,11407.204838709678
34444,via ermete novelli,1,2023,20231,2023,2023-06,1759.2291333403957
34449,via ermete novelli,2,2023,20232,,2023-09,1292.542652329749
34454,via ermete zacconi,1,2023,20231,2023,2023-06,4879.867609071808
34455,via ermete zacconi,2,2023,20232,,2023-09,4694.4980286738355
34456,via ernesto masi,1,2023,20231,2023,2023-06,3062.145912565991
34468,via ernesto masi,2,2023,20232,,2023-09,2900.170481310804
34480,via farini,1,2023,20231,2023,2023-06,38.68440860215054
34481,via farini,2,2023,20232,,2023-09,0.02150537634408602
34482,via faustino malaguti,1,2023,20231,2023,2023-06,5984.354979960096
34492,via faustino malaguti,2,2023,20232,,2023-09,3783.4087813620076
34502,via felice battaglia,1,2023,20231,2023,2023-06,962.3462599537405
34508,via felice battaglia,2,2023,20232,,2023-09,988.3806451612903
34514,via ferrarese,1,2023,20231,2023,2023-06,4987.690342317869
34596,via ferrarese,2,2023,20232,,2023-09,4980.453072196621
34678,via ferruccio parri,1,2023,20231,2023,2023-06,1009.361277963169
34683,via ferruccio parri,2,2023,20232,,2023-09,930.2675627240143
34688,via filippo argelati,1,2023,20231,2023,2023-06,2720.5503747550188
34690,via filippo argelati,2,2023,20232,,2023-09,2590.103046594982
34692,via filippo beroaldo,1,2023,20231,2023,2023-06,2990.921392964552
34709,via filippo beroaldo,2,2023,20232,,2023-09,1713.2531063321385
34726,via filippo de pisis,1,2023,20231,2023,2023-06,6831.460175327084
34736,via filippo de pisis,2,2023,20232,,2023-09,5481.87275985663
34746,via filippo schiassi,1,2023,20231,2023,2023-06,1956.8464654289598
34757,via filippo schiassi,2,2023,20232,,2023-09,1873.7124551971326
34768,via firenze,1,2023,20231,2023,2023-06,6488.445035268464
34783,via firenze,2,2023,20232,,2023-09,5957.384946236559
34798,via francesca e.de giovanni,1,2023,20231,2023,2023-06,875.7075577802497
34799,via francesca e.de giovanni,2,2023,20232,,2023-09,1378.653405017921
34800,via francesco barbieri,1,2023,20231,2023,2023-06,2597.452168488209
34801,via francesco barbieri,2,2023,20232,,2023-09,2043.0412783751492
34802,via francesco cavazzoni,1,2023,20231,2023,2023-06,3293.4151371894695
34818,via francesco cavazzoni,2,2023,20232,,2023-09,3159.1547192353646
34834,via francesco roncati,1,2023,20231,2023,2023-06,1653.3699202817945
34846,via francesco roncati,2,2023,20232,,2023-09,1483.0037634408602
34858,via francesco zanardi,1,2023,20231,2023,2023-06,7903.824984671119
34932,via francesco zanardi,2,2023,20232,,2023-09,8777.518906810035
35006,via g.battista de rolandis,1,2023,20231,2023,2023-06,638.1514239807899
35007,via g.battista de rolandis,2,2023,20232,,2023-09,581.873835125448
35008,via galeazza,1,2023,20231,2023,2023-06,1229.3443446863357
35016,via galeazza,2,2023,20232,,2023-09,1251.5698924731182
35024,via galliera,1,2023,20231,2023,2023-06,1685.4764683422497
35030,via galliera,2,2023,20232,,2023-09,1673.8906810035842
35036,via garibaldi,1,2023,20231,2023,2023-06,1960.7270470275616
35037,via garibaldi,2,2023,20232,,2023-09,1051.48458781362
35038,via gaspare tagliacozzi,1,2023,20231,2023,2023-06,4192.604527738051
35048,via gaspare tagliacozzi,2,2023,20232,,2023-09,3968.7792114695344
35058,via genova,1,2023,20231,2023,2023-06,2489.8851111022827
35069,via genova,2,2023,20232,,2023-09,2234.0239247311824
35080,via genuzio bentini,1,2023,20231,2023,2023-06,5190.119291276021
35099,via genuzio bentini,2,2023,20232,,2023-09,4953.611678614098
35118,via gherardo forni,1,2023,20231,2023,2023-06,3164.6415430725497
35124,via gherardo forni,2,2023,20232,,2023-09,842.4623655913979
35130,via giacomo matteotti,1,2023,20231,2023,2023-06,6614.552561929481
35140,via giacomo matteotti,2,2023,20232,,2023-09,6336.615555555556
35150,via gian giacomo carissimi,1,2023,20231,2023,2023-06,628.6665514592934
35160,via gian giacomo carissimi,2,2023,20232,,2023-09,512.0831541218638
35170,via giovan battista gandino,1,2023,20231,2023,2023-06,2174.4438957748466
35182,via giovan battista gandino,2,2023,20232,,2023-09,1910.9770609318996
35194,via giovanna zaccherini alvisi,1,2023,20231,2023,2023-06,3400.204726150749
35198,via giovanna zaccherini alvisi,2,2023,20232,,2023-09,3237.4450716845877
35202,via giovanni amendola,1,2023,20231,2023,2023-06,4061.3060770785883
35209,via giovanni amendola,2,2023,20232,,2023-09,2930.4159498207882
35216,via giovanni casoni,1,2023,20231,2023,2023-06,2046.7015288150853
35220,via giovanni casoni,2,2023,20232,,2023-09,2822.7271505376343
35224,via giovanni marchetti,1,2023,20231,2023,2023-06,1456.921619700902
35232,via giovanni marchetti,2,2023,20232,,2023-09,1268.0143369175628
35240,via giovanni pier luigi da palestrina,1,2023,20231,2023,2023-06,827.7221760951321
35241,via giovanni pier luigi da palestrina,2,2023,20232,,2023-09,716.429211469534
35242,via giuseppe bentivogli,1,2023,20231,2023,2023-06,3323.6006759421107
35252,via giuseppe bentivogli,2,2023,20232,,2023-09,3063.3439665471924
35262,via giuseppe dagnini,1,2023,20231,2023,2023-06,4377.138581522091
35287,via giuseppe dagnini,2,2023,20232,,2023-09,4214.129091995222
35312,via giuseppe dozza,1,2023,20231,2023,2023-06,8930.064162681962
35335,via giuseppe dozza,2,2023,20232,,2023-09,8614.333137829912
35358,via giuseppe massarenti,1,2023,20231,2023,2023-06,8413.132554663047
35429,via giuseppe massarenti,2,2023,20232,,2023-09,7115.665203106332
35500,via giuseppe mazza,1,2023,20231,2023,2023-06,8116.2541059731275
35501,via giuseppe mazza,2,2023,20232,,2023-09,7499.1213261648745
35502,via giuseppe mezzofanti,1,2023,20231,2023,2023-06,8903.687809205996
35515,via giuseppe mezzofanti,2,2023,20232,,2023-09,8437.655376344086
35528,via giuseppe petroni,1,2023,20231,2023,2023-06,1048.502081678055
35529,via giuseppe petroni,2,2023,20232,,2023-09,967.5550179211469
35530,via giuseppe rivani,1,2023,20231,2023,2023-06,649.9382819534933
35563,via giuseppe rivani,2,2023,20232,,2023-09,599.0539426523297
35596,via giuseppe ruggi,1,2023,20231,2023,2023-06,1289.2964727121846
35604,via giuseppe ruggi,2,2023,20232,,2023-09,1075.1930107526882
35612,via giuseppe saragat,1,2023,20231,2023,2023-06,6050.914792891573
35621,via giuseppe saragat,2,2023,20232,,2023-09,5374.626344086021
35630,via guerrazzi,1,2023,20231,2023,2023-06,2605.862936772781
35632,via guerrazzi,2,2023,20232,,2023-09,2669.6924731182794
35634,via guglielmo marconi,1,2023,20231,2023,2023-06,2409.4825425075483
35666,via guglielmo marconi,2,2023,20232,,2023-09,2918.0448745519716
35698,via innocenzo malvasia,1,2023,20231,2023,2023-06,4282.72654213088
35708,via innocenzo malvasia,2,2023,20232,,2023-09,7482.372043010752
35718,via irma bandiera,1,2023,20231,2023,2023-06,2605.5605454473225
35729,via irma bandiera,2,2023,20232,,2023-09,2928.2496415770606
35740,via irnerio,1,2023,20231,2023,2023-06,5277.801213245464
35767,via irnerio,2,2023,20232,,2023-09,5564.557287933094
35794,via isabella andreini,1,2023,20231,2023,2023-06,4833.248882208921
35817,via isabella andreini,2,2023,20232,,2023-09,4605.281600955795
35840,via jurij alekseevic gagarin,1,2023,20231,2023,2023-06,11173.62707086357
35841,via jurij alekseevic gagarin,2,2023,20232,,2023-09,10243.169802867384
35842,via larga,1,2023,20231,2023,2023-06,3876.7154306151456
35893,via larga,2,2023,20232,,2023-09,3785.508064516129
35944,via laura bassi veratti,1,2023,20231,2023,2023-06,3760.2762100452587
35964,via laura bassi veratti,2,2023,20232,,2023-09,2954.8620071684586
35984,via leandro alberti,1,2023,20231,2023,2023-06,3596.572043704393
36001,via leandro alberti,2,2023,20232,,2023-09,3482.4849718381975
36018,via libia,1,2023,20231,2023,2023-06,6411.519558621866
36035,via libia,2,2023,20232,,2023-09,6067.2734767025095
36052,via lippo di dalmasio,1,2023,20231,2023,2023-06,346.1359822201034
36054,via lippo di dalmasio,2,2023,20232,,2023-09,313.0758064516129
36056,via lombardia,1,2023,20231,2023,2023-06,1273.0533393953306
36074,via lombardia,2,2023,20232,,2023-09,1416.6254181600955
36092,via luca signorelli,1,2023,20231,2023,2023-06,122.44498207885304
36099,via luca signorelli,2,2023,20232,,2023-09,1407.462724014337
36106,via luigi calori,1,2023,20231,2023,2023-06,6082.23675909741
36117,via luigi calori,2,2023,20232,,2023-09,5162.356989247312
36128,via luigi longo,1,2023,20231,2023,2023-06,2887.546158282866
36134,via luigi longo,2,2023,20232,,2023-09,1921.112724014337
36140,via luigi pirandello,1,2023,20231,2023,2023-06,3892.791810344828
36156,via luigi pirandello,2,2023,20232,,2023-09,3642.3205197132615
36172,via luigi valeriani,1,2023,20231,2023,2023-06,1060.0574531666578
36177,via luigi valeriani,2,2023,20232,,2023-09,828.3587813620071
36182,via malpertuso,1,2023,20231,2023,2023-06,1115.4211434221445
36185,via malpertuso,2,2023,20232,,2023-09,1007.6456989247313
36188,via marcantonio franceschini,1,2023,20231,2023,2023-06,5940.620499408514
36193,via marcantonio franceschini,2,2023,20232,,2023-09,6036.660752688172
36198,via marco emilio lepido,1,2023,20231,2023,2023-06,4905.45605622208
36277,via marco emilio lepido,2,2023,20232,,2023-09,5143.702396953405
36356,via marco polo,1,2023,20231,2023,2023-06,12131.589264747427
36382,via marco polo,2,2023,20232,,2023-09,11434.38646953405
36408,via marsili,1,2023,20231,2023,2023-06,2949.4051874216498
36410,via marsili,2,2023,20232,,2023-09,1860.710752688172
36412,via marzabotto,1,2023,20231,2023,2023-06,3222.1823195084485
36437,via marzabotto,2,2023,20232,,2023-09,2624.140143369176
36462,via marziale,1,2023,20231,2023,2023-06,1221.4972910818017
36466,via marziale,2,2023,20232,,2023-09,1056.2369175627239
36470,via mascarella,1,2023,20231,2023,2023-06,2257.7488196761838
36474,via mascarella,2,2023,20232,,2023-09,2178.5881720430107
36478,via massenzio masia,1,2023,20231,2023,2023-06,1633.2484210851562
36479,via massenzio masia,2,2023,20232,,2023-09,1533.694623655914
36480,via mazzini,1,2023,20231,2023,2023-06,6615.084966320603
36481,via mazzini,2,2023,20232,,2023-09,5628.583709677419
36482,via michelino,1,2023,20231,2023,2023-06,5294.149637162985
36516,via michelino,2,2023,20232,,2023-09,4708.734229390681
36550,via milano,1,2023,20231,2023,2023-06,924.5195238978054
36558,via milano,2,2023,20232,,2023-09,774.1675627240144
36566,via mondo,1,2023,20231,2023,2023-06,5714.133154121864
36580,via mondo,2,2023,20232,,2023-09,2167.395519713262
36594,via montefiorino,1,2023,20231,2023,2023-06,3345.1268720094636
36606,via montefiorino,2,2023,20232,,2023-09,5886.94417562724
36618,via niccolo' machiavelli,1,2023,20231,2023,2023-06,1055.4222045659199
36619,via niccolo' machiavelli,2,2023,20232,,2023-09,922.4749103942653
36620,via nicolo' dall'arca,1,2023,20231,2023,2023-06,6120.51631133358
36621,via nicolo' dall'arca,2,2023,20232,,2023-09,4700.363440860215
36622,via nino bertocchi,1,2023,20231,2023,2023-06,2702.066541748327
36642,via nino bertocchi,2,2023,20232,,2023-09,2421.2840501792116
36662,via normandia,1,2023,20231,2023,2023-06,3599.326905115031
36669,via normandia,2,2023,20232,,2023-09,1106.1064516129031
36676,via nosadella,1,2023,20231,2023,2023-06,6736.206582269541
36678,via nosadella,2,2023,20232,,2023-09,6164.865053763441
36680,via olindo guerrini,1,2023,20231,2023,2023-06,129.13095238095238
36682,via olindo guerrini,2,2023,20232,,2023-09,4093.8336917562724
36684,via orazio samacchini,1,2023,20231,2023,2023-06,517.2390592722072
36686,via orazio samacchini,2,2023,20232,,2023-09,427.7822580645161
36688,via osoppo,1,2023,20231,2023,2023-06,566.432008227837
36694,via osoppo,2,2023,20232,,2023-09,403.01630824372756
36700,via paganino bonafede,1,2023,20231,2023,2023-06,2683.812593357699
36701,via paganino bonafede,2,2023,20232,,2023-09,2646.0655913978494
36702,via panigale,1,2023,20231,2023,2023-06,2753.4904033582284
36720,via panigale,2,2023,20232,,2023-09,2573.8551971326165
36738,via paolo bovi campeggi,1,2023,20231,2023,2023-06,5381.370098831153
36753,via paolo bovi campeggi,2,2023,20232,,2023-09,5381.69211469534
36768,via parisio,1,2023,20231,2023,2023-06,2945.1597167046275
36780,via parisio,2,2023,20232,,2023-09,2737.2155913978495
36792,via pasubio,1,2023,20231,2023,2023-06,2923.107731143069
36812,via pasubio,2,2023,20232,,2023-09,2747.925492831541
36832,via pelagio palagi,1,2023,20231,2023,2023-06,8403.097478348958
36845,via pelagio palagi,2,2023,20232,,2023-09,7580.120967741936
36858,via pellegrino tibaldi,1,2023,20231,2023,2023-06,6173.801879071984
36861,via pellegrino tibaldi,2,2023,20232,,2023-09,6356.931899641578
36864,via persicetana,1,2023,20231,2023,2023-06,7094.734154351395
36902,via persicetana,2,2023,20232,,2023-09,6346.694623655913
36940,via pier paolo molinelli,1,2023,20231,2023,2023-06,6657.867368946096
36960,via pier paolo molinelli,2,2023,20232,,2023-09,6592.698207885304
36980,via pietro albertoni,1,2023,20231,2023,2023-06,4003.475324434557
36985,via pietro albertoni,2,2023,20232,,2023-09,3447.4366487455195
36990,via pietro de coubertin,1,2023,20231,2023,2023-06,2493.799785255222
36996,via pietro de coubertin,2,2023,20232,,2023-09,2186.064516129032
37002,via pietro mascagni,1,2023,20231,2023,2023-06,4966.903521990925
37010,via pietro mascagni,2,2023,20232,,2023-09,3653.1275985663083
37018,via pietro mengoli,1,2023,20231,2023,2023-06,4271.84467717658
37034,via pietro mengoli,2,2023,20232,,2023-09,4296.278718637993
37050,via pietro nenni,1,2023,20231,2023,2023-06,2658.3649522397022
37057,via pietro nenni,2,2023,20232,,2023-09,2561.1448028673835
37064,via pietro pomponazzi,1,2023,20231,2023,2023-06,1288.746443137878
37066,via pietro pomponazzi,2,2023,20232,,2023-09,1146.8948028673835
37068,via po,1,2023,20231,2023,2023-06,9059.139492734432
37077,via po,2,2023,20232,,2023-09,8565.041684587814
37086,via porrettana,1,2023,20231,2023,2023-06,3255.7834541318693
37125,via porrettana,2,2023,20232,,2023-09,3307.503046594982
37164,via prati di caprara,1,2023,20231,2023,2023-06,11962.271418419055
37176,via prati di caprara,2,2023,20232,,2023-09,17163.148566308242
37188,via quarto di sopra,1,2023,20231,2023,2023-06,1279.1129968042094
37195,via quarto di sopra,2,2023,20232,,2023-09,1192.5883512544804
37202,via ravenna,1,2023,20231,2023,2023-06,619.6011119056448
37206,via ravenna,2,2023,20232,,2023-09,428.8910394265233
37210,via rialto,1,2023,20231,2023,2023-06,1383.7940705722406
37213,via rialto,2,2023,20232,,2023-09,1349.6532258064515
37216,via rimesse,1,2023,20231,2023,2023-06,4405.7327127143035
37231,via rimesse,2,2023,20232,,2023-09,4335.121505376344
37246,via riva di reno,1,2023,20231,2023,2023-06,3187.8419872756913
37263,via riva di reno,2,2023,20232,,2023-09,2653.1286439665473
37280,via rizzoli,1,2023,20231,2023,2023-06,2309.202148992708
37281,via rizzoli,2,2023,20232,,2023-09,1989.7679211469533
37282,via roberto ardigo',1,2023,20231,2023,2023-06,299.46503125165526
37283,via roberto ardigo',2,2023,20232,,2023-09,250.6379928315412
37284,via romolo amaseo,1,2023,20231,2023,2023-06,17003.714108709853
37286,via romolo amaseo,2,2023,20232,,2023-09,16201.793189964157
37288,via roncaglio,1,2023,20231,2023,2023-06,3707.068144940587
37302,via roncaglio,2,2023,20232,,2023-09,3337.0752688172047
37316,via ruggero ruggeri,1,2023,20231,2023,2023-06,2624.760297596977
37324,via ruggero ruggeri,2,2023,20232,,2023-09,2763.2666666666664
37332,via s.anna,1,2023,20231,2023,2023-06,1559.9461315041406
37333,via s.anna,2,2023,20232,,2023-09,1447.9991039426523
37334,via s.donato,1,2023,20231,2023,2023-06,7836.5501447993365
37335,via s.donato,2,2023,20232,,2023-09,7507.189863799283
37336,via s.felice,1,2023,20231,2023,2023-06,3697.1083274478992
37337,via s.felice,2,2023,20232,,2023-09,3528.6097371565115
37338,via s.isaia,1,2023,20231,2023,2023-06,1429.1612192559633
37339,via s.isaia,2,2023,20232,,2023-09,1365.4743727598568
37340,via s.mamolo,1,2023,20231,2023,2023-06,5116.007233124989
37341,via s.mamolo,2,2023,20232,,2023-09,4776.175268817205
37342,via s.nicolo' di villola,1,2023,20231,2023,2023-06,353.45552244998856
37343,via s.nicolo' di villola,2,2023,20232,,2023-09,302.40537634408605
37344,via s.stefano,1,2023,20231,2023,2023-06,4296.730756690267
37345,via s.stefano,2,2023,20232,,2023-09,4650.11541218638
37346,via s.vitale,1,2023,20231,2023,2023-06,115.57290949379382
37347,via s.vitale,2,2023,20232,,2023-09,0.10752688172043011
37348,via sabotino,1,2023,20231,2023,2023-06,21526.113531128063
37357,via sabotino,2,2023,20232,,2023-09,18746.64677419355
37366,via san donato,1,2023,20231,2023,2023-06,5340.7262297614625
37471,via san donato,2,2023,20232,,2023-09,5104.083930704898
37576,via santa barbara,1,2023,20231,2023,2023-06,1752.4820943023112
37584,via santa barbara,2,2023,20232,,2023-09,1598.9618279569893
37592,via sante vincenzi,1,2023,20231,2023,2023-06,4340.4573507601035
37612,via sante vincenzi,2,2023,20232,,2023-09,4134.2517921146955
37632,via saragozza,1,2023,20231,2023,2023-06,6271.504641400497
37677,via saragozza,2,2023,20232,,2023-09,6964.196303763441
37722,via sardegna,1,2023,20231,2023,2023-06,1227.9190838144675
37730,via sardegna,2,2023,20232,,2023-09,1447.0332437275986
37738,via sebastiano serlio,1,2023,20231,2023,2023-06,2713.7518541009285
37745,via sebastiano serlio,2,2023,20232,,2023-09,2566.3405017921145
37752,via serena,1,2023,20231,2023,2023-06,1776.6567484594877
37754,via serena,2,2023,20232,,2023-09,1189.6370071684587
37756,via siepelunga,1,2023,20231,2023,2023-06,1085.6039288215595
37772,via siepelunga,2,2023,20232,,2023-09,1263.7574074074075
37788,via simone dei crocefissi,1,2023,20231,2023,2023-06,9660.698897363915
37792,via simone dei crocefissi,2,2023,20232,,2023-09,8850.180465949821
37796,via spartaco,1,2023,20231,2023,2023-06,1271.2894909688014
37807,via spartaco,2,2023,20232,,2023-09,1209.0130824372761
37818,via stalingrado,1,2023,20231,2023,2023-06,11982.670840903816
37889,via stalingrado,2,2023,20232,,2023-09,13318.251254480287
37960,via tolmino,1,2023,20231,2023,2023-06,8188.1638273125345
37967,via tolmino,2,2023,20232,,2023-09,5952.442697132617
37974,via tommaso martelli,1,2023,20231,2023,2023-06,5442.568313999683
37984,via tommaso martelli,2,2023,20232,,2023-09,4962.63853046595
37994,via torino,1,2023,20231,2023,2023-06,6214.121632943129
37999,via torino,2,2023,20232,,2023-09,6588.001254480288
38004,via toscana,1,2023,20231,2023,2023-06,8423.308713904946
38124,via toscana,2,2023,20232,,2023-09,7781.383298869589
38244,via ugo bassi,1,2023,20231,2023,2023-06,2925.744763030351
38254,via ugo bassi,2,2023,20232,,2023-09,2951.6047043010753
38264,via ugo la malfa,1,2023,20231,2023,2023-06,1730.0241573529672
38268,via ugo la malfa,2,2023,20232,,2023-09,1599.1594982078852
38272,via umberto terracini,1,2023,20231,2023,2023-06,15854.511753653385
38282,via umberto terracini,2,2023,20232,,2023-09,14915.859916367981
38292,via urbana,1,2023,20231,2023,2023-06,287.94359561770574
38296,via urbana,2,2023,20232,,2023-09,469.834229390681
38300,via vallescura,1,2023,20231,2023,2023-06,518.5530209933436
38310,via vallescura,2,2023,20232,,2023-09,686.1130824372759
38320,via vasco de gama,1,2023,20231,2023,2023-06,2231.457087681198
38334,via vasco de gama,2,2023,20232,,2023-09,2119.1955197132615
38348,via vermena,1,2023,20231,2023,2023-06,1774.2589186397583
38357,via vermena,2,2023,20232,,2023-09,1581.6433691756272
38366,via vezza,1,2023,20231,2023,2023-06,1832.6111618729803
38373,via vezza,2,2023,20232,,2023-09,1715.0489247311828
38380,via vittorio bigari,1,2023,20231,2023,2023-06,724.9450067976765
38384,via vittorio bigari,2,2023,20232,,2023-09,2506.165053763441
38388,via vittorio bottego,1,2023,20231,2023,2023-06,222.36489176686618
38389,via vittorio bottego,2,2023,20232,,2023-09,222.83387096774194
38390,via vittorio peglion,1,2023,20231,2023,2023-06,3479.515207373272
38400,via vittorio veneto,1,2023,20231,2023,2023-06,4545.490262843489
38409,via vittorio veneto,2,2023,20232,,2023-09,4649.4944444444445
38418,via william shakespeare,1,2023,20231,2023,2023-06,4746.247762063668
38438,via william shakespeare,2,2023,20232,,2023-09,3168.8473084593206
38458,via xxi aprile 1945,1,2023,20231,2023,2023-06,4986.72262434451
38459,via xxi aprile 1945,2,2023,20232,,2023-09,3122.041397849462
38460,viale abramo lincoln,1,2023,20231,2023,2023-06,3111.615839027491
38483,viale abramo lincoln,2,2023,20232,,2023-09,2750.573476702509
38506,viale alcide de gasperi,1,2023,20231,2023,2023-06,14871.371973856903
38515,viale alcide de gasperi,2,2023,20232,,2023-09,13261.23166069295
38524,viale aldo moro,1,2023,20231,2023,2023-06,7624.977273028232
38539,viale aldo moro,2,2023,20232,,2023-09,6896.401911589008
38554,viale alfredo oriani,1,2023,20231,2023,2023-06,2249.4194625421546
38564,viale alfredo oriani,2,2023,20232,,2023-09,1106.8786738351255
38574,viale angelo masini,1,2023,20231,2023,2023-06,8546.905665466038
38588,viale angelo masini,2,2023,20232,,2023-09,9341.832945041817
38602,viale antonio aldini,1,2023,20231,2023,2023-06,14043.992970776007
38620,viale antonio aldini,2,2023,20232,,2023-09,11553.42688172043
38638,viale antonio silvani,1,2023,20231,2023,2023-06,11577.754675168175
38647,viale antonio silvani,2,2023,20232,,2023-09,10558.080555555556
38656,viale carlo berti pichat,1,2023,20231,2023,2023-06,11779.825023983145
38661,viale carlo berti pichat,2,2023,20232,,2023-09,11049.242293906811
38666,viale carlo pepoli,1,2023,20231,2023,2023-06,12127.053248465374
38680,viale carlo pepoli,2,2023,20232,,2023-09,11258.509318996415
38694,viale del risorgimento,1,2023,20231,2023,2023-06,718.846825838233
38697,viale del risorgimento,2,2023,20232,,2023-09,912.5329749103943
38700,viale della fiera,1,2023,20231,2023,2023-06,5474.0508406607
38705,viale della fiera,2,2023,20232,,2023-09,36.45008960573477
38710,viale della repubblica,1,2023,20231,2023,2023-06,7778.050203819941
38729,viale della repubblica,2,2023,20232,,2023-09,6751.414292114695
38748,viale enrico panzacchi,1,2023,20231,2023,2023-06,14111.975362763447
38757,viale enrico panzacchi,2,2023,20232,,2023-09,12938.366427718041
38766,viale europa,1,2023,20231,2023,2023-06,9400.638037413706
38784,viale europa,2,2023,20232,,2023-09,6478.7261449621665
38802,viale felsina,1,2023,20231,2023,2023-06,4246.82562061903
38860,viale felsina,2,2023,20232,,2023-09,3659.3274193548386
38918,viale gaetano salvemini,1,2023,20231,2023,2023-06,4874.988641070073
38943,viale gaetano salvemini,2,2023,20232,,2023-09,4250.444598054276
38968,viale gian battista ercolani,1,2023,20231,2023,2023-06,9395.359613194554
38969,viale gian battista ercolani,2,2023,20232,,2023-09,8517.149955197134
38970,viale giosue' carducci,1,2023,20231,2023,2023-06,10881.796005776554
38971,viale giosue' carducci,2,2023,20232,,2023-09,11224.079599761053
38972,viale giovanni gozzadini,1,2023,20231,2023,2023-06,17257.552191367835
38983,viale giovanni gozzadini,2,2023,20232,,2023-09,13791.66747311828
38994,viale giovanni vicini,1,2023,20231,2023,2023-06,14340.951353090735
39005,viale giovanni vicini,2,2023,20232,,2023-09,13229.726200716847
39016,viale ilic uljanov lenin,1,2023,20231,2023,2023-06,9082.554434968895
39035,viale ilic uljanov lenin,2,2023,20232,,2023-09,11774.761170848267
39054,viale m. karamchand gandhi,1,2023,20231,2023,2023-06,11129.400105251181
39055,viale m. karamchand gandhi,2,2023,20232,,2023-09,11066.737375547591
39056,viale palmiro togliatti,1,2023,20231,2023,2023-06,19137.913892924615
39075,viale palmiro togliatti,2,2023,20232,,2023-09,17470.464669738863
39094,viale pietro pietramellara,1,2023,20231,2023,2023-06,12100.980351281947
39113,viale pietro pietramellara,2,2023,20232,,2023-09,11095.71226602947
39132,viale quirico filopanti,1,2023,20231,2023,2023-06,20861.175418454368
39140,viale quirico filopanti,2,2023,20232,,2023-09,18629.037275985665
39148,viale roma,1,2023,20231,2023,2023-06,15206.45755027632
39160,viale roma,2,2023,20232,,2023-09,14262.541218637993
39172,viale sandro pertini,1,2023,20231,2023,2023-06,18414.413009016487
39188,viale sandro pertini,2,2023,20232,,2023-09,17583.671565113502
39204,viale vladimir ilic uljanov lenin,1,2023,20231,2023,2023-06,12886.229480433874
39205,viale vladimir ilic uljanov lenin,2,2023,20232,,2023-09,13622.808004778972
39206,viale zagabria,1,2023,20231,2023,2023-06,1481.4845776612462
39215,viale zagabria,2,2023,20232,,2023-09,1340.0747311827956
39224,largo bartolo nigrisoli,1,2024,20241,2024,2024-06,1176.7892195031516
39233,largo bartolo nigrisoli,2,2024,20242,,2024-09,0.0
39242,largo card. giacomo lercaro,1,2024,20241,2024,2024-06,2716.8931899641575
39243,largo card. giacomo lercaro,2,2024,20242,,2024-09,2355.5584229390684
39244,largo mariele ventre,1,2024,20241,2024,2024-06,16644.51122852552
39245,largo mariele ventre,2,2024,20242,,2024-09,2468.349462365591
39246,largo vittime lager nazisti,1,2024,20241,2024,2024-06,1154.5119577308121
39247,largo vittime lager nazisti,2,2024,20242,,2024-09,662.3634408602151
39248,mura di porta galliera,1,2024,20241,2024,2024-06,1772.3681003584231
39249,mura di porta galliera,2,2024,20242,,2024-09,1734.2560931899643
39250,nome via da istituire,1,2024,20241,2024,2024-06,1495.348155357805
39251,nome via da istituire,2,2024,20242,,2024-09,1404.053584229391
39252,p.le atleti azzurri d'italia,1,2024,20241,2024,2024-06,2908.1976671610432
39253,p.le atleti azzurri d'italia,2,2024,20242,,2024-09,2972.523476702509
39254,passaggio a. marescalchi,1,2024,20241,2024,2024-06,626.1811889754048
39255,passaggio a. marescalchi,2,2024,20242,,2024-09,591.6559139784946
39256,piazza adam mickiewicz,1,2024,20241,2024,2024-06,4709.587016438018
39262,piazza adam mickiewicz,2,2024,20242,,2024-09,464.3870967741935
39268,piazza aldrovandi,1,2024,20241,2024,2024-06,1641.581454702756
39271,piazza aldrovandi,2,2024,20242,,2024-09,1481.9271505376344
39274,piazza belluno,1,2024,20241,2024,2024-06,2184.5718576195773
39281,piazza belluno,2,2024,20242,,2024-09,1980.1219534050178
39288,piazza della costituzione,1,2024,20241,2024,2024-06,300.1913422321098
39305,piazza della costituzione,2,2024,20242,,2024-09,523.910752688172
39322,piazza delle medaglie d'oro,1,2024,20241,2024,2024-06,6702.475565443085
39323,piazza delle medaglie d'oro,2,2024,20242,,2024-09,4165.194623655913
39324,piazza di porta castiglione,1,2024,20241,2024,2024-06,1844.8670003707823
39338,piazza di porta castiglione,2,2024,20242,,2024-09,1618.88458781362
39352,piazza di porta s.isaia,1,2024,20241,2024,2024-06,5075.243461871215
39353,piazza di porta s.isaia,2,2024,20242,,2024-09,4650.269713261649
39354,piazza di porta s.mamolo,1,2024,20241,2024,2024-06,12186.703701643803
39355,piazza di porta s.mamolo,2,2024,20242,,2024-09,11212.180286738352
39356,piazza di porta s.vitale,1,2024,20241,2024,2024-06,17603.816963292546
39357,piazza di porta s.vitale,2,2024,20242,,2024-09,16083.390322580644
39358,piazza malpighi,1,2024,20241,2024,2024-06,4427.652468792486
39367,piazza malpighi,2,2024,20242,,2024-09,4748.986021505377
39376,piazza porta ravegnana,1,2024,20241,2024,2024-06,0.0
39377,piazza porta ravegnana,2,2024,20242,,2024-09,0.0
39378,piazza renzo imbeni,1,2024,20241,2024,2024-06,675.0262699295514
39379,piazza renzo imbeni,2,2024,20242,,2024-09,431.43405017921145
39380,piazza trento e trieste,1,2024,20241,2024,2024-06,4364.78674453096
39396,piazza trento e trieste,2,2024,20242,,2024-09,4157.373416965352
39412,piazza xx settembre,1,2024,20241,2024,2024-06,11927.0690293742
39413,piazza xx settembre,2,2024,20242,,2024-09,11297.493010752689
39414,strada maggiore,1,2024,20241,2024,2024-06,2689.141167140444
39424,strada maggiore,2,2024,20242,,2024-09,2144.7986260454004
39434,tangenziale casalecchio-san lazzaro,1,2024,20241,2024,2024-06,3665.887313063898
39435,tangenziale casalecchio-san lazzaro,2,2024,20242,,2024-09,3325.0605734767028
39436,tangenziale san lazzaro-casalecchio,1,2024,20241,2024,2024-06,3182.4197009022373
39437,tangenziale san lazzaro-casalecchio,2,2024,20242,,2024-09,3179.4767025089604
39438,via adige,1,2024,20241,2024,2024-06,1366.3463168953158
39447,via adige,2,2024,20242,,2024-09,1249.053046594982
39456,via adolfo de carolis,1,2024,20241,2024,2024-06,663.8070386849587
39468,via adolfo de carolis,2,2024,20242,,2024-09,0.0
39480,via agucchi,1,2024,20241,2024,2024-06,0.01075268817204301
39515,via agucchi,2,2024,20242,,2024-09,0.0
39550,via alberelli,1,2024,20241,2024,2024-06,558.8610184155235
39554,via alberelli,2,2024,20242,,2024-09,519.9711469534051
39558,via alberto calda,1,2024,20241,2024,2024-06,2452.580991224818
39566,via alberto calda,2,2024,20242,,2024-09,2154.255017921147
39574,via alberto dallolio,1,2024,20241,2024,2024-06,3466.1834507477447
39588,via alberto dallolio,2,2024,20242,,2024-09,3175.682258064516
39602,via alberto mario,1,2024,20241,2024,2024-06,2701.6891963292546
39614,via alberto mario,2,2024,20242,,2024-09,2603.343817204301
39626,via alessandro guidotti,1,2024,20241,2024,2024-06,2193.4285502410085
39631,via alessandro guidotti,2,2024,20242,,2024-09,2029.5379928315413
39636,via alessandro tiarini,1,2024,20241,2024,2024-06,3748.0025439789065
39646,via alessandro tiarini,2,2024,20242,,2024-09,3205.5159498207886
39656,via alfonso lombardi,1,2024,20241,2024,2024-06,2659.9432208626868
39659,via alfonso lombardi,2,2024,20242,,2024-09,2294.208602150538
39662,via alfonso rubbiani,1,2024,20241,2024,2024-06,3439.81603633667
39665,via alfonso rubbiani,2,2024,20242,,2024-09,3414.786917562724
39668,via alfonso torreggiani,1,2024,20241,2024,2024-06,3665.57816091954
39670,via alfonso torreggiani,2,2024,20242,,2024-09,3253.7962365591397
39672,via amedeo parmeggiani,1,2024,20241,2024,2024-06,3287.716675936226
39674,via amedeo parmeggiani,2,2024,20242,,2024-09,3374.3597670250897
39676,via amilcare ponchielli,1,2024,20241,2024,2024-06,1773.0961685823756
39685,via amilcare ponchielli,2,2024,20242,,2024-09,2060.0360215053765
39694,via andrea costa,1,2024,20241,2024,2024-06,8059.949412927945
39755,via andrea costa,2,2024,20242,,2024-09,6137.656496415771
39816,via antonio cavalieri ducati,1,2024,20241,2024,2024-06,7500.110727969349
39830,via antonio cavalieri ducati,2,2024,20242,,2024-09,8791.243189964158
39844,via antonio giuriolo,1,2024,20241,2024,2024-06,3101.5463508836983
39846,via antonio giuriolo,2,2024,20242,,2024-09,2830.4264336917563
39848,via antonio labriola,1,2024,20241,2024,2024-06,1140.7403843777035
39851,via antonio labriola,2,2024,20242,,2024-09,944.6722222222221
39854,via antonio vivaldi,1,2024,20241,2024,2024-06,432.12098628105304
39855,via antonio vivaldi,2,2024,20242,,2024-09,388.0023297491039
39856,via arcangelo corelli,1,2024,20241,2024,2024-06,4350.123161537511
39868,via arcangelo corelli,2,2024,20242,,2024-09,4084.4152329749104
39880,via aristotile fioravanti,1,2024,20241,2024,2024-06,6698.304126807564
39899,via aristotile fioravanti,2,2024,20242,,2024-09,6162.636953405017
39918,via arno,1,2024,20241,2024,2024-06,5596.597873151238
39936,via arno,2,2024,20242,,2024-09,4862.33339307049
39954,via augusto murri,1,2024,20241,2024,2024-06,9194.25567016101
40014,via augusto murri,2,2024,20242,,2024-09,7549.624160964483
40074,via augusto romagnoli,1,2024,20241,2024,2024-06,1212.9526572735138
40080,via augusto romagnoli,2,2024,20242,,2024-09,1097.5390681003585
40086,via aurelio saffi,1,2024,20241,2024,2024-06,2723.1801270959504
40100,via aurelio saffi,2,2024,20242,,2024-09,9.988351254480287
40114,via azzurra,1,2024,20241,2024,2024-06,6511.56330902649
40127,via azzurra,2,2024,20242,,2024-09,6277.031362007168
40140,via bassa dei sassi,1,2024,20241,2024,2024-06,3596.3195958472375
40146,via bassa dei sassi,2,2024,20242,,2024-09,3085.3399641577057
40152,via battindarno,1,2024,20241,2024,2024-06,6328.846808799902
40212,via battindarno,2,2024,20242,,2024-09,5208.312891278375
40272,via bellaria,1,2024,20241,2024,2024-06,948.7901601426629
40292,via bellaria,2,2024,20242,,2024-09,754.8523809523809
40312,via benedetto marcello,1,2024,20241,2024,2024-06,6040.282424916574
40323,via benedetto marcello,2,2024,20242,,2024-09,5557.643279569893
40334,via borgonuovo,1,2024,20241,2024,2024-06,1429.8811024595227
40335,via borgonuovo,2,2024,20242,,2024-09,1364.4456989247312
40336,via cadriano,1,2024,20241,2024,2024-06,1820.7213931116878
40364,via cadriano,2,2024,20242,,2024-09,1428.3369474313022
40392,via caduti di amola,1,2024,20241,2024,2024-06,1836.419021134594
40406,via caduti di amola,2,2024,20242,,2024-09,1683.251075268817
40420,via caduti di casteldebole,1,2024,20241,2024,2024-06,1201.7896551724136
40438,via caduti di casteldebole,2,2024,20242,,2024-09,1064.6274193548386
40456,via calabria,1,2024,20241,2024,2024-06,1976.0316339142257
40487,via calabria,2,2024,20242,,2024-09,1695.0994623655915
40518,via calamosco,1,2024,20241,2024,2024-06,1379.2628630577185
40530,via calamosco,2,2024,20242,,2024-09,2188.0369175627243
40542,via camillo casarini,1,2024,20241,2024,2024-06,910.4881102459523
40561,via camillo casarini,2,2024,20242,,2024-09,388.77025089605735
40580,via camillo ranzani,1,2024,20241,2024,2024-06,0.0
40584,via camillo ranzani,2,2024,20242,,2024-09,478.3602150537634
40588,via capo di lucca,1,2024,20241,2024,2024-06,0.0
40593,via capo di lucca,2,2024,20242,,2024-09,0.0
40598,via cardinale g. de albornoz,1,2024,20241,2024,2024-06,2519.6169941910766
40599,via cardinale g. de albornoz,2,2024,20242,,2024-09,2082.266129032258
40600,via carlo alberto pizzardi,1,2024,20241,2024,2024-06,1485.599443826474
40609,via carlo alberto pizzardi,2,2024,20242,,2024-09,952.6327956989247
40618,via carlo sigonio,1,2024,20241,2024,2024-06,3074.5792526675727
40632,via carlo sigonio,2,2024,20242,,2024-09,3515.4089605734766
40646,via casteldebole,1,2024,20241,2024,2024-06,2968.8010381905824
40673,via casteldebole,2,2024,20242,,2024-09,2956.3589605734765
40700,via castiglione,1,2024,20241,2024,2024-06,2904.521193301199
40729,via castiglione,2,2024,20242,,2024-09,4205.316935483871
40758,via cesare battisti,1,2024,20241,2024,2024-06,1511.3821962674576
40761,via cesare battisti,2,2024,20242,,2024-09,356.8591397849462
40764,via cesare boldrini,1,2024,20241,2024,2024-06,2031.2627085650722
40767,via cesare boldrini,2,2024,20242,,2024-09,1307.8265232974911
40770,via cesare gnudi,1,2024,20241,2024,2024-06,2664.494833765913
40773,via cesare gnudi,2,2024,20242,,2024-09,2464.9275985663085
40776,via cesare pavese,1,2024,20241,2024,2024-06,617.5774749721913
40783,via cesare pavese,2,2024,20242,,2024-09,946.3872759856631
40790,via cimabue,1,2024,20241,2024,2024-06,698.3013162773451
40794,via cimabue,2,2024,20242,,2024-09,574.2686379928315
40798,via cleto tomba,1,2024,20241,2024,2024-06,161.1570263255469
40801,via cleto tomba,2,2024,20242,,2024-09,0.0
40804,via colombarola,1,2024,20241,2024,2024-06,1557.730490668644
40812,via colombarola,2,2024,20242,,2024-09,1488.4114695340502
40820,via cracovia,1,2024,20241,2024,2024-06,1394.7772586824867
40834,via cracovia,2,2024,20242,,2024-09,1255.2913978494623
40848,via cristoforo colombo,1,2024,20241,2024,2024-06,8647.994271412681
40916,via cristoforo colombo,2,2024,20242,,2024-09,10128.235663082438
40984,via croce di camaldoli,1,2024,20241,2024,2024-06,815.333265356569
40991,via croce di camaldoli,2,2024,20242,,2024-09,769.602688172043
40998,via d'azeglio,1,2024,20241,2024,2024-06,2012.3536800148313
40999,via d'azeglio,2,2024,20242,,2024-09,1616.1478494623655
41000,via dante,1,2024,20241,2024,2024-06,3039.7405543196146
41001,via dante,2,2024,20242,,2024-09,2670.0935483870967
41002,via de' carracci,1,2024,20241,2024,2024-06,5925.095449088051
41015,via de' carracci,2,2024,20242,,2024-09,5384.586354326677
41028,via degli orti,1,2024,20241,2024,2024-06,9390.884706993662
41057,via degli orti,2,2024,20242,,2024-09,9128.618970814132
41086,via degli ortolani,1,2024,20241,2024,2024-06,12106.037427388457
41097,via degli ortolani,2,2024,20242,,2024-09,11081.729256272401
41108,via degli stradelli guelfi,1,2024,20241,2024,2024-06,2309.4665121740204
41114,via degli stradelli guelfi,2,2024,20242,,2024-09,246.36021505376345
41120,via dei lamponi,1,2024,20241,2024,2024-06,1667.4972036831048
41133,via dei lamponi,2,2024,20242,,2024-09,1484.2929211469534
41146,via dei mille,1,2024,20241,2024,2024-06,4231.910564207144
41149,via dei mille,2,2024,20242,,2024-09,5030.205734767025
41152,via del borgo di s.pietro,1,2024,20241,2024,2024-06,1150.3937306884193
41153,via del borgo di s.pietro,2,2024,20242,,2024-09,1341.0400537634407
41154,via del dazio,1,2024,20241,2024,2024-06,3665.0216639887944
41172,via del dazio,2,2024,20242,,2024-09,3591.7210274790923
41190,via del fonditore,1,2024,20241,2024,2024-06,2927.8682054134224
41204,via del fonditore,2,2024,20242,,2024-09,2631.6820788530463
41218,via del gomito,1,2024,20241,2024,2024-06,4653.386753800519
41231,via del gomito,2,2024,20242,,2024-09,4293.549820788531
41244,via del lavoro,1,2024,20241,2024,2024-06,5209.354453508014
41253,via del lavoro,2,2024,20242,,2024-09,5740.310872162485
41262,via del pallone,1,2024,20241,2024,2024-06,3617.8654739834383
41263,via del pallone,2,2024,20242,,2024-09,3091.1152329749107
41264,via del pilastro,1,2024,20241,2024,2024-06,670.617538005191
41284,via del pilastro,2,2024,20242,,2024-09,663.6120071684587
41304,via del pozzo,1,2024,20241,2024,2024-06,720.2593931528859
41314,via del pozzo,2,2024,20242,,2024-09,404.3693548387096
41324,via del timavo,1,2024,20241,2024,2024-06,2820.8610076010386
41334,via del timavo,2,2024,20242,,2024-09,2389.180779569893
41344,via del triumvirato,1,2024,20241,2024,2024-06,6382.906833724715
41423,via del triumvirato,2,2024,20242,,2024-09,6288.1356630824375
41502,via dell'angelo custode,1,2024,20241,2024,2024-06,1195.8271845260167
41520,via dell'angelo custode,2,2024,20242,,2024-09,1092.1901433691758
41538,via dell'artigiano,1,2024,20241,2024,2024-06,12646.998476702509
41540,via dell'artigiano,2,2024,20242,,2024-09,11234.773745519713
41542,via dell'indipendenza,1,2024,20241,2024,2024-06,2694.36436575619
41547,via dell'indipendenza,2,2024,20242,,2024-09,503.43243727598565
41552,via dell'industria,1,2024,20241,2024,2024-06,0.02150537634408602
41571,via dell'industria,2,2024,20242,,2024-09,0.0
41590,via della barca,1,2024,20241,2024,2024-06,6109.925348123429
41630,via della barca,2,2024,20242,,2024-09,7179.289038231781
41670,via della battaglia,1,2024,20241,2024,2024-06,1272.0003491533803
41697,via della battaglia,2,2024,20242,,2024-09,1139.3124551971325
41724,via della beverara,1,2024,20241,2024,2024-06,3323.168381535039
41779,via della beverara,2,2024,20242,,2024-09,3205.339336917563
41834,via della ca' bianca,1,2024,20241,2024,2024-06,1096.417939686071
41836,via della ca' bianca,2,2024,20242,,2024-09,1094.5738351254479
41838,via della certosa,1,2024,20241,2024,2024-06,1540.272957607218
41842,via della certosa,2,2024,20242,,2024-09,1068.747311827957
41846,via della croce coperta,1,2024,20241,2024,2024-06,4016.2937214188605
41872,via della croce coperta,2,2024,20242,,2024-09,2673.113799283154
41898,via della crocetta,1,2024,20241,2024,2024-06,598.4987640588308
41900,via della crocetta,2,2024,20242,,2024-09,91.04838709677419
41902,via della direttissima,1,2024,20241,2024,2024-06,1045.8230873810408
41905,via della direttissima,2,2024,20242,,2024-09,1363.74229390681
41908,via della dozza,1,2024,20241,2024,2024-06,949.2226857001606
41916,via della dozza,2,2024,20242,,2024-09,657.4263440860215
41924,via della foscherara,1,2024,20241,2024,2024-06,6822.307971820541
41928,via della foscherara,2,2024,20242,,2024-09,6760.920430107527
41932,via della liberazione,1,2024,20241,2024,2024-06,7537.609275738475
41936,via della liberazione,2,2024,20242,,2024-09,1842.6750896057347
41940,via della pietra,1,2024,20241,2024,2024-06,12079.50847855642
41957,via della pietra,2,2024,20242,,2024-09,12264.754659498207
41974,via della salute,1,2024,20241,2024,2024-06,2772.9923278951924
42024,via della salute,2,2024,20242,,2024-09,2959.3810035842293
42074,via delle armi,1,2024,20241,2024,2024-06,1160.0770918304288
42078,via delle armi,2,2024,20242,,2024-09,827.1888888888889
42082,via delle borre,1,2024,20241,2024,2024-06,1346.397151155605
42085,via delle borre,2,2024,20242,,2024-09,1456.7381720430105
42088,via delle lame,1,2024,20241,2024,2024-06,3276.7693012812592
42099,via delle lame,2,2024,20242,,2024-09,1715.3317204301075
42110,via dell’arcoveggio,1,2024,20241,2024,2024-06,3376.956343468051
42111,via dell’arcoveggio,2,2024,20242,,2024-09,3328.616129032258
42112,via di casaglia,1,2024,20241,2024,2024-06,2002.3916604869607
42138,via di casaglia,2,2024,20242,,2024-09,1813.3727598566309
42164,via di corticella,1,2024,20241,2024,2024-06,7051.269869519925
42249,via di corticella,2,2024,20242,,2024-09,5681.22587045571
42334,via di s.luca,1,2024,20241,2024,2024-06,1194.5590594487703
42335,via di s.luca,2,2024,20242,,2024-09,1168.112365591398
42336,via di saliceto,1,2024,20241,2024,2024-06,3536.030947966877
42357,via di saliceto,2,2024,20242,,2024-09,3089.1578853046594
42378,via dionisio calvart,1,2024,20241,2024,2024-06,2536.629174391299
42380,via dionisio calvart,2,2024,20242,,2024-09,2674.367204301075
42382,via domenico biancolelli,1,2024,20241,2024,2024-06,2093.251921888518
42396,via domenico biancolelli,2,2024,20242,,2024-09,746.8641577060931
42410,via domenico zampieri,1,2024,20241,2024,2024-06,1218.8596465208257
42413,via domenico zampieri,2,2024,20242,,2024-09,1468.6250896057347
42416,via don giovanni minzoni,1,2024,20241,2024,2024-06,5981.73496786553
42427,via don giovanni minzoni,2,2024,20242,,2024-09,6123.207258064515
42438,via don luigi sturzo,1,2024,20241,2024,2024-06,4570.154606970708
42457,via don luigi sturzo,2,2024,20242,,2024-09,2933.762007168459
42476,via donato creti,1,2024,20241,2024,2024-06,10631.399830058088
42490,via donato creti,2,2024,20242,,2024-09,9282.747401433693
42504,via duccio di boninsegna,1,2024,20241,2024,2024-06,1180.6454084785564
42508,via duccio di boninsegna,2,2024,20242,,2024-09,1084.2621863799284
42512,via due madonne,1,2024,20241,2024,2024-06,6921.571692003461
42542,via due madonne,2,2024,20242,,2024-09,6493.765268817205
42572,via edoardo ferravilla,1,2024,20241,2024,2024-06,1665.4703806698801
42578,via edoardo ferravilla,2,2024,20242,,2024-09,1825.9019713261648
42584,via emilia levante,1,2024,20241,2024,2024-06,4955.070596341614
42649,via emilia levante,2,2024,20242,,2024-09,4814.448799283154
42714,via emilia ponente,1,2024,20241,2024,2024-06,5776.752426096238
42782,via emilia ponente,2,2024,20242,,2024-09,4805.947849462365
42850,via emilio salgari,1,2024,20241,2024,2024-06,1176.924675565443
42856,via emilio salgari,2,2024,20242,,2024-09,1661.4207885304659
42862,via enrico mattei,1,2024,20241,2024,2024-06,7877.864814814816
42907,via enrico mattei,2,2024,20242,,2024-09,6877.263082437275
42952,via ermanno galeotti,1,2024,20241,2024,2024-06,11488.885774317141
42953,via ermanno galeotti,2,2024,20242,,2024-09,9006.690143369176
42954,via ermete novelli,1,2024,20241,2024,2024-06,1302.3975404770733
42959,via ermete novelli,2,2024,20242,,2024-09,798.4458781362006
42964,via ermete zacconi,1,2024,20241,2024,2024-06,4974.790477073291
42965,via ermete zacconi,2,2024,20242,,2024-09,4349.643548387096
42966,via ernesto masi,1,2024,20241,2024,2024-06,3751.551578473436
42978,via ernesto masi,2,2024,20242,,2024-09,3175.2366615463393
42990,via farini,1,2024,20241,2024,2024-06,0.005376344086021505
42991,via farini,2,2024,20242,,2024-09,0.0
42992,via faustino malaguti,1,2024,20241,2024,2024-06,4708.472358175751
43002,via faustino malaguti,2,2024,20242,,2024-09,4636.0451612903225
43012,via felice battaglia,1,2024,20241,2024,2024-06,987.6193671981214
43018,via felice battaglia,2,2024,20242,,2024-09,1248.9363799283153
43024,via ferrarese,1,2024,20241,2024,2024-06,5384.0200452001345
43106,via ferrarese,2,2024,20242,,2024-09,4447.4306707629285
43188,via ferruccio parri,1,2024,20241,2024,2024-06,1202.1277283401312
43193,via ferruccio parri,2,2024,20242,,2024-09,1166.7940860215053
43198,via filippo argelati,1,2024,20241,2024,2024-06,2832.4939747867998
43200,via filippo argelati,2,2024,20242,,2024-09,2262.80376344086
43202,via filippo beroaldo,1,2024,20241,2024,2024-06,1699.1059036789848
43219,via filippo beroaldo,2,2024,20242,,2024-09,1962.6639187574672
43236,via filippo de pisis,1,2024,20241,2024,2024-06,6696.365647015202
43246,via filippo de pisis,2,2024,20242,,2024-09,5920.531362007168
43256,via filippo schiassi,1,2024,20241,2024,2024-06,2130.4956896551726
43267,via filippo schiassi,2,2024,20242,,2024-09,1903.5146057347672
43278,via firenze,1,2024,20241,2024,2024-06,6206.69867754295
43293,via firenze,2,2024,20242,,2024-09,3439.4456093189965
43308,via francesca e.de giovanni,1,2024,20241,2024,2024-06,1527.3717463848723
43309,via francesca e.de giovanni,2,2024,20242,,2024-09,1306.5356630824372
43310,via francesco barbieri,1,2024,20241,2024,2024-06,3041.017014790096
43311,via francesco barbieri,2,2024,20242,,2024-09,2742.1450418160093
43312,via francesco cavazzoni,1,2024,20241,2024,2024-06,3446.204424669386
43328,via francesco cavazzoni,2,2024,20242,,2024-09,2600.2969534050176
43344,via francesco roncati,1,2024,20241,2024,2024-06,1647.6418984056356
43356,via francesco roncati,2,2024,20242,,2024-09,1652.3191756272402
43368,via francesco zanardi,1,2024,20241,2024,2024-06,11907.45061282083
43442,via francesco zanardi,2,2024,20242,,2024-09,8563.291054360812
43516,via g.battista de rolandis,1,2024,20241,2024,2024-06,152.37416882956373
43517,via g.battista de rolandis,2,2024,20242,,2024-09,492.4976702508961
43518,via galeazza,1,2024,20241,2024,2024-06,1741.9544864664442
43526,via galeazza,2,2024,20242,,2024-09,1572.2336917562725
43534,via galliera,1,2024,20241,2024,2024-06,1460.6669138549005
43540,via galliera,2,2024,20242,,2024-09,1523.2289426523296
43546,via garibaldi,1,2024,20241,2024,2024-06,738.896910147077
43547,via garibaldi,2,2024,20242,,2024-09,787.0197132616487
43548,via gaspare tagliacozzi,1,2024,20241,2024,2024-06,4485.432511432456
43558,via gaspare tagliacozzi,2,2024,20242,,2024-09,4105.025358422939
43568,via genova,1,2024,20241,2024,2024-06,2347.352036213076
43579,via genova,2,2024,20242,,2024-09,2172.3270609318997
43590,via genuzio bentini,1,2024,20241,2024,2024-06,5087.69033802991
43609,via genuzio bentini,2,2024,20242,,2024-09,4676.862126642772
43628,via gherardo forni,1,2024,20241,2024,2024-06,2331.433994561859
43634,via gherardo forni,2,2024,20242,,2024-09,2124.786917562724
43640,via giacomo matteotti,1,2024,20241,2024,2024-06,6718.451721666049
43650,via giacomo matteotti,2,2024,20242,,2024-09,6120.828960573476
43660,via gian giacomo carissimi,1,2024,20241,2024,2024-06,558.135113088617
43670,via gian giacomo carissimi,2,2024,20242,,2024-09,490.5094982078853
43680,via giovan battista gandino,1,2024,20241,2024,2024-06,2146.1584476578914
43692,via giovan battista gandino,2,2024,20242,,2024-09,1906.8394265232976
43704,via giovanna zaccherini alvisi,1,2024,20241,2024,2024-06,3533.36084538376
43708,via giovanna zaccherini alvisi,2,2024,20242,,2024-09,3353.5586917562723
43712,via giovanni amendola,1,2024,20241,2024,2024-06,2843.025525274997
43719,via giovanni amendola,2,2024,20242,,2024-09,3585.454838709678
43726,via giovanni casoni,1,2024,20241,2024,2024-06,3132.2125169941914
43730,via giovanni casoni,2,2024,20242,,2024-09,3085.8819892473116
43734,via giovanni marchetti,1,2024,20241,2024,2024-06,1414.024354220739
43742,via giovanni marchetti,2,2024,20242,,2024-09,1282.5908602150537
43750,via giovanni pier luigi da palestrina,1,2024,20241,2024,2024-06,795.2747682610308
43751,via giovanni pier luigi da palestrina,2,2024,20242,,2024-09,711.4832437275985
43752,via giuseppe bentivogli,1,2024,20241,2024,2024-06,3224.1237815679974
43762,via giuseppe bentivogli,2,2024,20242,,2024-09,3615.551792114695
43772,via giuseppe dagnini,1,2024,20241,2024,2024-06,4373.443426852882
43797,via giuseppe dagnini,2,2024,20242,,2024-09,4013.610215053764
43822,via giuseppe dozza,1,2024,20241,2024,2024-06,8773.898574173325
43845,via giuseppe dozza,2,2024,20242,,2024-09,8017.898468556533
43868,via giuseppe massarenti,1,2024,20241,2024,2024-06,7826.00526172847
43939,via giuseppe massarenti,2,2024,20242,,2024-09,7978.485135989879
44010,via giuseppe mazza,1,2024,20241,2024,2024-06,7977.024891855148
44011,via giuseppe mazza,2,2024,20242,,2024-09,6138.2374551971325
44012,via giuseppe mezzofanti,1,2024,20241,2024,2024-06,9078.173353108392
44025,via giuseppe mezzofanti,2,2024,20242,,2024-09,8171.557974910394
44038,via giuseppe petroni,1,2024,20241,2024,2024-06,1007.3670003707824
44039,via giuseppe petroni,2,2024,20242,,2024-09,980.9736559139786
44040,via giuseppe rivani,1,2024,20241,2024,2024-06,639.0150784822642
44073,via giuseppe rivani,2,2024,20242,,2024-09,566.8928315412187
44106,via giuseppe ruggi,1,2024,20241,2024,2024-06,1169.6400753924115
44114,via giuseppe ruggi,2,2024,20242,,2024-09,1013.9654121863799
44122,via giuseppe saragat,1,2024,20241,2024,2024-06,5862.4884006921275
44131,via giuseppe saragat,2,2024,20242,,2024-09,4090.0822580645163
44140,via guerrazzi,1,2024,20241,2024,2024-06,3420.164361636386
44142,via guerrazzi,2,2024,20242,,2024-09,2924.3811827956984
44144,via guglielmo marconi,1,2024,20241,2024,2024-06,2449.755666790261
44176,via guglielmo marconi,2,2024,20242,,2024-09,2203.8041577060935
44208,via innocenzo malvasia,1,2024,20241,2024,2024-06,7380.87298026614
44218,via innocenzo malvasia,2,2024,20242,,2024-09,6680.284348864993
44228,via irma bandiera,1,2024,20241,2024,2024-06,4271.605450500556
44239,via irma bandiera,2,2024,20242,,2024-09,3040.8185483870966
44250,via irnerio,1,2024,20241,2024,2024-06,6003.815040889054
44277,via irnerio,2,2024,20242,,2024-09,5495.696191756273
44304,via isabella andreini,1,2024,20241,2024,2024-06,5805.872014172125
44327,via isabella andreini,2,2024,20242,,2024-09,5794.0187574671445
44350,via jurij alekseevic gagarin,1,2024,20241,2024,2024-06,11176.355496848351
44351,via jurij alekseevic gagarin,2,2024,20242,,2024-09,10163.793817204301
44352,via larga,1,2024,20241,2024,2024-06,7644.941235293053
44403,via larga,2,2024,20242,,2024-09,7658.654569892474
44454,via laura bassi veratti,1,2024,20241,2024,2024-06,3730.8123130638983
44474,via laura bassi veratti,2,2024,20242,,2024-09,3810.3744324970135
44494,via leandro alberti,1,2024,20241,2024,2024-06,3346.739690485019
44511,via leandro alberti,2,2024,20242,,2024-09,2799.2662570404505
44528,via libia,1,2024,20241,2024,2024-06,6015.566726403823
44545,via libia,2,2024,20242,,2024-09,2156.562305854241
44562,via lippo di dalmasio,1,2024,20241,2024,2024-06,352.4181621554814
44564,via lippo di dalmasio,2,2024,20242,,2024-09,293.44032258064516
44566,via lombardia,1,2024,20241,2024,2024-06,1307.739647962757
44584,via lombardia,2,2024,20242,,2024-09,1233.1350955794503
44602,via luca signorelli,1,2024,20241,2024,2024-06,3154.0259733036705
44609,via luca signorelli,2,2024,20242,,2024-09,2601.260752688172
44616,via luigi calori,1,2024,20241,2024,2024-06,5823.171122234581
44627,via luigi calori,2,2024,20242,,2024-09,4312.250358422939
44638,via luigi longo,1,2024,20241,2024,2024-06,2560.8924792979856
44644,via luigi longo,2,2024,20242,,2024-09,2931.7879330943847
44650,via luigi pirandello,1,2024,20241,2024,2024-06,3868.7573631195155
44666,via luigi pirandello,2,2024,20242,,2024-09,1150.91917562724
44682,via luigi valeriani,1,2024,20241,2024,2024-06,931.471869978989
44687,via luigi valeriani,2,2024,20242,,2024-09,989.8632616487454
44692,via malpertuso,1,2024,20241,2024,2024-06,1092.6876653071313
44695,via malpertuso,2,2024,20242,,2024-09,1046.2937275985662
44698,via marcantonio franceschini,1,2024,20241,2024,2024-06,6629.794537140032
44703,via marcantonio franceschini,2,2024,20242,,2024-09,5557.051792114696
44708,via marco emilio lepido,1,2024,20241,2024,2024-06,4918.198305627652
44787,via marco emilio lepido,2,2024,20242,,2024-09,3138.367054958184
44866,via marco polo,1,2024,20241,2024,2024-06,14009.897359720679
44892,via marco polo,2,2024,20242,,2024-09,11526.842562724014
44918,via marsili,1,2024,20241,2024,2024-06,2912.794679273267
44920,via marsili,2,2024,20242,,2024-09,2775.375627240144
44922,via marzabotto,1,2024,20241,2024,2024-06,3285.4681868743046
44947,via marzabotto,2,2024,20242,,2024-09,2506.1881003584226
44972,via marziale,1,2024,20241,2024,2024-06,1173.8891546162401
44976,via marziale,2,2024,20242,,2024-09,932.2921146953405
44980,via mascarella,1,2024,20241,2024,2024-06,2245.1088740575947
44984,via mascarella,2,2024,20242,,2024-09,2283.410752688172
44988,via massenzio masia,1,2024,20241,2024,2024-06,1618.1879928315411
44989,via massenzio masia,2,2024,20242,,2024-09,2163.2824372759856
44990,via mazzini,1,2024,20241,2024,2024-06,4939.514300457298
44991,via mazzini,2,2024,20242,,2024-09,4582.454265232976
44992,via michelino,1,2024,20241,2024,2024-06,4657.1092386602395
45026,via michelino,2,2024,20242,,2024-09,4380.287634408603
45060,via milano,1,2024,20241,2024,2024-06,915.2073785687802
45068,via milano,2,2024,20242,,2024-09,767.8485663082438
45076,via mondo,1,2024,20241,2024,2024-06,4918.74010629094
45090,via mondo,2,2024,20242,,2024-09,5032.825268817204
45104,via montefiorino,1,2024,20241,2024,2024-06,7655.467485477692
45116,via montefiorino,2,2024,20242,,2024-09,7281.482347670251
45128,via niccolo' machiavelli,1,2024,20241,2024,2024-06,1035.5229761463354
45129,via niccolo' machiavelli,2,2024,20242,,2024-09,1024.9181003584229
45130,via nicolo' dall'arca,1,2024,20241,2024,2024-06,3928.6437028797427
45131,via nicolo' dall'arca,2,2024,20242,,2024-09,3571.87876344086
45132,via nino bertocchi,1,2024,20241,2024,2024-06,2717.2180323816588
45152,via nino bertocchi,2,2024,20242,,2024-09,2487.906989247312
45172,via normandia,1,2024,20241,2024,2024-06,0.0
45179,via normandia,2,2024,20242,,2024-09,0.0
45186,via nosadella,1,2024,20241,2024,2024-06,6730.693919169447
45188,via nosadella,2,2024,20242,,2024-09,6875.05788530466
45190,via olindo guerrini,1,2024,20241,2024,2024-06,412.34406748238786
45192,via olindo guerrini,2,2024,20242,,2024-09,66.16666666666667
45194,via orazio samacchini,1,2024,20241,2024,2024-06,516.1884192312446
45196,via orazio samacchini,2,2024,20242,,2024-09,421.5879928315412
45198,via osoppo,1,2024,20241,2024,2024-06,451.7545050055617
45204,via osoppo,2,2024,20242,,2024-09,345.02777777777777
45210,via paganino bonafede,1,2024,20241,2024,2024-06,737.3387282165369
45211,via paganino bonafede,2,2024,20242,,2024-09,607.271146953405
45212,via panigale,1,2024,20241,2024,2024-06,2795.651792114695
45230,via panigale,2,2024,20242,,2024-09,2699.347670250896
45248,via paolo bovi campeggi,1,2024,20241,2024,2024-06,5669.735477691262
45263,via paolo bovi campeggi,2,2024,20242,,2024-09,5047.613082437277
45278,via parisio,1,2024,20241,2024,2024-06,3061.9980595723646
45290,via parisio,2,2024,20242,,2024-09,2748.543817204301
45302,via pasubio,1,2024,20241,2024,2024-06,2893.827403905574
45322,via pasubio,2,2024,20242,,2024-09,2651.018189964158
45342,via pelagio palagi,1,2024,20241,2024,2024-06,8283.630138425411
45355,via pelagio palagi,2,2024,20242,,2024-09,6559.262858422939
45368,via pellegrino tibaldi,1,2024,20241,2024,2024-06,6429.0010783586695
45371,via pellegrino tibaldi,2,2024,20242,,2024-09,6020.313620071684
45374,via persicetana,1,2024,20241,2024,2024-06,0.0
45412,via pier paolo molinelli,1,2024,20241,2024,2024-06,7372.999517982945
45432,via pier paolo molinelli,2,2024,20242,,2024-09,6818.93494623656
45452,via pietro albertoni,1,2024,20241,2024,2024-06,3698.5829656408355
45457,via pietro albertoni,2,2024,20242,,2024-09,3492.2797491039423
45462,via pietro de coubertin,1,2024,20241,2024,2024-06,2508.5403998269685
45468,via pietro de coubertin,2,2024,20242,,2024-09,1887.2897849462368
45474,via pietro mascagni,1,2024,20241,2024,2024-06,4663.259442590533
45482,via pietro mascagni,2,2024,20242,,2024-09,0.0
45490,via pietro mengoli,1,2024,20241,2024,2024-06,4550.037883141763
45506,via pietro mengoli,2,2024,20242,,2024-09,4823.394534050179
45522,via pietro nenni,1,2024,20241,2024,2024-06,2580.6652206154986
45529,via pietro nenni,2,2024,20242,,2024-09,2204.983691756272
45536,via pietro pomponazzi,1,2024,20241,2024,2024-06,1266.1208317884068
45538,via pietro pomponazzi,2,2024,20242,,2024-09,1097.623476702509
45540,via po,1,2024,20241,2024,2024-06,7492.222780867632
45549,via po,2,2024,20242,,2024-09,7827.369032258065
45558,via porrettana,1,2024,20241,2024,2024-06,3343.9373872203682
45597,via porrettana,2,2024,20242,,2024-09,3653.60890083632
45636,via prati di caprara,1,2024,20241,2024,2024-06,17198.262266716105
45648,via prati di caprara,2,2024,20242,,2024-09,15825.481093189965
45660,via quarto di sopra,1,2024,20241,2024,2024-06,1332.4711593128168
45667,via quarto di sopra,2,2024,20242,,2024-09,1674.299641577061
45674,via ravenna,1,2024,20241,2024,2024-06,462.3328451365715
45678,via ravenna,2,2024,20242,,2024-09,385.69032258064516
45682,via rialto,1,2024,20241,2024,2024-06,1411.9659992584354
45685,via rialto,2,2024,20242,,2024-09,1393.4874551971325
45688,via rimesse,1,2024,20241,2024,2024-06,4987.833432208627
45703,via rimesse,2,2024,20242,,2024-09,5242.775806451613
45718,via riva di reno,1,2024,20241,2024,2024-06,1867.8450246608888
45735,via riva di reno,2,2024,20242,,2024-09,632.7715949820789
45752,via rizzoli,1,2024,20241,2024,2024-06,1762.0118155975777
45753,via rizzoli,2,2024,20242,,2024-09,1044.603494623656
45754,via roberto ardigo',1,2024,20241,2024,2024-06,303.7782721542455
45755,via roberto ardigo',2,2024,20242,,2024-09,271.73870967741937
45756,via romolo amaseo,1,2024,20241,2024,2024-06,15859.599443826473
45758,via romolo amaseo,2,2024,20242,,2024-09,14894.901075268817
45760,via roncaglio,1,2024,20241,2024,2024-06,3528.342263008281
45774,via roncaglio,2,2024,20242,,2024-09,3612.812903225806
45788,via ruggero ruggeri,1,2024,20241,2024,2024-06,2858.8928840687186
45796,via ruggero ruggeri,2,2024,20242,,2024-09,636.3323476702509
45804,via s.anna,1,2024,20241,2024,2024-06,1598.3673433444567
45805,via s.anna,2,2024,20242,,2024-09,1450.9695340501792
45806,via s.donato,1,2024,20241,2024,2024-06,6838.650950846972
45807,via s.donato,2,2024,20242,,2024-09,6044.695161290322
45808,via s.felice,1,2024,20241,2024,2024-06,3153.9611296502285
45809,via s.felice,2,2024,20242,,2024-09,2125.1021505376343
45810,via s.isaia,1,2024,20241,2024,2024-06,1460.6645470275616
45811,via s.isaia,2,2024,20242,,2024-09,1466.0202508960574
45812,via s.mamolo,1,2024,20241,2024,2024-06,5182.177431714251
45813,via s.mamolo,2,2024,20242,,2024-09,4639.902777777777
45814,via s.nicolo' di villola,1,2024,20241,2024,2024-06,320.5227660363367
45815,via s.nicolo' di villola,2,2024,20242,,2024-09,269.621146953405
45816,via s.stefano,1,2024,20241,2024,2024-06,4662.852531619495
45817,via s.stefano,2,2024,20242,,2024-09,4682.288291517324
45818,via s.vitale,1,2024,20241,2024,2024-06,0.01075268817204301
45819,via s.vitale,2,2024,20242,,2024-09,267.8817204301075
45820,via sabotino,1,2024,20241,2024,2024-06,18253.97803423557
45829,via sabotino,2,2024,20242,,2024-09,16317.51953405018
45838,via san donato,1,2024,20241,2024,2024-06,4982.092201946902
45943,via san donato,2,2024,20242,,2024-09,4285.56335125448
46048,via santa barbara,1,2024,20241,2024,2024-06,1931.2838895068592
46056,via santa barbara,2,2024,20242,,2024-09,1689.076164874552
46064,via sante vincenzi,1,2024,20241,2024,2024-06,4487.561729081695
46084,via sante vincenzi,2,2024,20242,,2024-09,4810.874014336918
46104,via saragozza,1,2024,20241,2024,2024-06,6702.183818440241
46149,via saragozza,2,2024,20242,,2024-09,6153.8028673835115
46194,via sardegna,1,2024,20241,2024,2024-06,1583.0065968359906
46202,via sardegna,2,2024,20242,,2024-09,1421.670430107527
46210,via sebastiano serlio,1,2024,20241,2024,2024-06,2798.0444382647383
46217,via sebastiano serlio,2,2024,20242,,2024-09,2606.2555555555555
46224,via serena,1,2024,20241,2024,2024-06,565.6042238289457
46226,via serena,2,2024,20242,,2024-09,75.2171146953405
46228,via siepelunga,1,2024,20241,2024,2024-06,1655.595874016397
46244,via siepelunga,2,2024,20242,,2024-09,1434.9590800477897
46260,via simone dei crocefissi,1,2024,20241,2024,2024-06,9656.518390804596
46264,via simone dei crocefissi,2,2024,20242,,2024-09,9526.523566308244
46268,via spartaco,1,2024,20241,2024,2024-06,1301.65690273143
46279,via spartaco,2,2024,20242,,2024-09,218.02688172043008
46290,via stalingrado,1,2024,20241,2024,2024-06,11953.330566510487
46361,via stalingrado,2,2024,20242,,2024-09,8055.822971652004
46432,via tolmino,1,2024,20241,2024,2024-06,8575.826813743666
46439,via tolmino,2,2024,20242,,2024-09,7990.253405017921
46446,via tommaso martelli,1,2024,20241,2024,2024-06,5264.01325546904
46456,via tommaso martelli,2,2024,20242,,2024-09,5093.806810035842
46466,via torino,1,2024,20241,2024,2024-06,7039.954399950562
46471,via torino,2,2024,20242,,2024-09,5736.447849462365
46476,via toscana,1,2024,20241,2024,2024-06,7182.34107198882
46596,via toscana,2,2024,20242,,2024-09,6786.928784119107
46716,via ugo bassi,1,2024,20241,2024,2024-06,2736.344720986281
46726,via ugo bassi,2,2024,20242,,2024-09,425.1758064516129
46736,via ugo la malfa,1,2024,20241,2024,2024-06,1757.9128228896304
46740,via ugo la malfa,2,2024,20242,,2024-09,1583.695340501792
46744,via umberto terracini,1,2024,20241,2024,2024-06,16133.785771227289
46754,via umberto terracini,2,2024,20242,,2024-09,14154.406093189964
46764,via urbana,1,2024,20241,2024,2024-06,708.6654616240266
46768,via urbana,2,2024,20242,,2024-09,647.8926523297491
46772,via vallescura,1,2024,20241,2024,2024-06,45.1921146953405
46782,via vallescura,2,2024,20242,,2024-09,121.57544802867385
46792,via vasco de gama,1,2024,20241,2024,2024-06,2683.889012483006
46806,via vasco de gama,2,2024,20242,,2024-09,2108.8152329749105
46820,via vermena,1,2024,20241,2024,2024-06,1583.632412557162
46829,via vermena,2,2024,20242,,2024-09,1399.738888888889
46838,via vezza,1,2024,20241,2024,2024-06,1931.8263440860217
46845,via vezza,2,2024,20242,,2024-09,2148.699641577061
46852,via vittorio bigari,1,2024,20241,2024,2024-06,2764.158373501421
46856,via vittorio bigari,2,2024,20242,,2024-09,2328.4084229390683
46860,via vittorio bottego,1,2024,20241,2024,2024-06,217.96431219873935
46861,via vittorio bottego,2,2024,20242,,2024-09,187.6822580645161
46862,via vittorio veneto,1,2024,20241,2024,2024-06,4909.679876817863
46871,via vittorio veneto,2,2024,20242,,2024-09,2038.378972520908
46880,via william shakespeare,1,2024,20241,2024,2024-06,3537.0466305153877
46900,via william shakespeare,2,2024,20242,,2024-09,3298.536917562724
46920,via xxi aprile 1945,1,2024,20241,2024,2024-06,1375.8354838709677
46921,via xxi aprile 1945,2,2024,20242,,2024-09,5120.736379928315
46922,viale abramo lincoln,1,2024,20241,2024,2024-06,4236.842426770486
46945,viale abramo lincoln,2,2024,20242,,2024-09,3902.285663082437
46968,viale alcide de gasperi,1,2024,20241,2024,2024-06,14866.82503192848
46977,viale alcide de gasperi,2,2024,20242,,2024-09,16311.775627240144
46986,viale aldo moro,1,2024,20241,2024,2024-06,7207.863764264821
47001,viale aldo moro,2,2024,20242,,2024-09,2157.8262544802865
47016,viale alfredo oriani,1,2024,20241,2024,2024-06,1192.4232635026574
47026,viale alfredo oriani,2,2024,20242,,2024-09,1393.933781362007
47036,viale angelo masini,1,2024,20241,2024,2024-06,9718.462202859144
47050,viale angelo masini,2,2024,20242,,2024-09,9062.27159498208
47064,viale antonio aldini,1,2024,20241,2024,2024-06,12973.39690273143
47082,viale antonio aldini,2,2024,20242,,2024-09,11984.322688172042
47100,viale antonio silvani,1,2024,20241,2024,2024-06,11046.952207699913
47109,viale antonio silvani,2,2024,20242,,2024-09,10461.096729390682
47118,viale carlo berti pichat,1,2024,20241,2024,2024-06,10179.266961232644
47123,viale carlo berti pichat,2,2024,20242,,2024-09,10577.1722520908
47128,viale carlo pepoli,1,2024,20241,2024,2024-06,12460.92266304124
47142,viale carlo pepoli,2,2024,20242,,2024-09,11653.30394265233
47156,viale del risorgimento,1,2024,20241,2024,2024-06,823.788240019775
47159,viale del risorgimento,2,2024,20242,,2024-09,614.5763440860215
47162,viale della fiera,1,2024,20241,2024,2024-06,40.65326288468669
47167,viale della fiera,2,2024,20242,,2024-09,35.55143369175627
47172,viale della repubblica,1,2024,20241,2024,2024-06,3093.0464852923
47191,viale della repubblica,2,2024,20242,,2024-09,177.79171146953408
47210,viale enrico panzacchi,1,2024,20241,2024,2024-06,13779.770466155811
47219,viale enrico panzacchi,2,2024,20242,,2024-09,13015.647849462366
47228,viale europa,1,2024,20241,2024,2024-06,6618.866550625524
47246,viale europa,2,2024,20242,,2024-09,5645.063520509757
47264,viale felsina,1,2024,20241,2024,2024-06,4386.769707081942
47322,viale felsina,2,2024,20242,,2024-09,4172.153046594983
47380,viale gaetano salvemini,1,2024,20241,2024,2024-06,5303.754287833042
47405,viale gaetano salvemini,2,2024,20242,,2024-09,5438.432846902201
47430,viale gian battista ercolani,1,2024,20241,2024,2024-06,8162.288000556174
47431,viale gian battista ercolani,2,2024,20242,,2024-09,8541.218906810036
47432,viale giosue' carducci,1,2024,20241,2024,2024-06,12440.698861904173
47433,viale giosue' carducci,2,2024,20242,,2024-09,6863.0623058542415
47434,viale giovanni gozzadini,1,2024,20241,2024,2024-06,15829.405228031144
47445,viale giovanni gozzadini,2,2024,20242,,2024-09,13348.991218637993
47456,viale giovanni vicini,1,2024,20241,2024,2024-06,13764.180226177234
47467,viale giovanni vicini,2,2024,20242,,2024-09,12384.383870967742
47478,viale ilic uljanov lenin,1,2024,20241,2024,2024-06,12990.865588776156
47497,viale ilic uljanov lenin,2,2024,20242,,2024-09,11811.375716845878
47516,viale m. karamchand gandhi,1,2024,20241,2024,2024-06,11633.709469369258
47517,viale m. karamchand gandhi,2,2024,20242,,2024-09,7819.205336519316
47518,viale palmiro togliatti,1,2024,20241,2024,2024-06,18830.47747850345
47537,viale palmiro togliatti,2,2024,20242,,2024-09,15494.462519201226
47556,viale pietro pietramellara,1,2024,20241,2024,2024-06,11228.533723341438
47575,viale pietro pietramellara,2,2024,20242,,2024-09,9881.774591796098
47594,viale quirico filopanti,1,2024,20241,2024,2024-06,14373.735082190089
47602,viale quirico filopanti,2,2024,20242,,2024-09,13541.388530465949
47610,viale roma,1,2024,20241,2024,2024-06,15456.624341861329
47622,viale roma,2,2024,20242,,2024-09,14189.688799283154
47634,viale sandro pertini,1,2024,20241,2024,2024-06,18126.465684093437
47650,viale sandro pertini,2,2024,20242,,2024-09,16975.864814814817
47666,viale vladimir ilic uljanov lenin,1,2024,20241,2024,2024-06,14256.659351954848
47667,viale vladimir ilic uljanov lenin,2,2024,20242,,2024-09,12749.792353643968
47668,viale zagabria,1,2024,20241,2024,2024-06,1432.303646026449
47677,viale zagabria,2,2024,20242,,2024-09,1237.7636200716845
47686,largo bartolo nigrisoli,1,2025,20251,2025,2025-06,0.0
47695,largo card. giacomo lercaro,1,2025,20251,2025,2025-06,2709.5861239119304
47696,largo mariele ventre,1,2025,20251,2025,2025-06,11360.301766513056
47697,largo vittime lager nazisti,1,2025,20251,2025,2025-06,1120.1035202252945
47698,mura di porta galliera,1,2025,20251,2025,2025-06,1057.3814004096262
47699,nome via da istituire,1,2025,20251,2025,2025-06,1687.4922683051716
47700,p.le atleti azzurri d'italia,1,2025,20251,2025,2025-06,2978.800249615975
47701,passaggio a. marescalchi,1,2025,20251,2025,2025-06,650.0450204813109
47702,piazza adam mickiewicz,1,2025,20251,2025,2025-06,4353.15377624168
47708,piazza aldrovandi,1,2025,20251,2025,2025-06,1601.031835637481
47711,piazza belluno,1,2025,20251,2025,2025-06,1850.140431387609
47718,piazza della costituzione,1,2025,20251,2025,2025-06,568.7863543266769
47735,piazza delle medaglie d'oro,1,2025,20251,2025,2025-06,4046.2991679467486
47736,piazza di porta castiglione,1,2025,20251,2025,2025-06,1789.6391449052742
47750,piazza di porta s.isaia,1,2025,20251,2025,2025-06,1827.7555683563749
47751,piazza di porta s.mamolo,1,2025,20251,2025,2025-06,12289.46488095238
47752,piazza di porta s.vitale,1,2025,20251,2025,2025-06,16784.077649769584
47753,piazza malpighi,1,2025,20251,2025,2025-06,4568.300652841782
47762,piazza porta ravegnana,1,2025,20251,2025,2025-06,0.0
47763,piazza renzo imbeni,1,2025,20251,2025,2025-06,592.243049155146
47764,piazza trento e trieste,1,2025,20251,2025,2025-06,4392.503294077487
47780,piazza xx settembre,1,2025,20251,2025,2025-06,10475.187421061615
47781,strada maggiore,1,2025,20251,2025,2025-06,2295.8925413893157
47791,tangenziale casalecchio-san lazzaro,1,2025,20251,2025,2025-06,1148.9790706605222
47792,tangenziale san lazzaro-casalecchio,1,2025,20251,2025,2025-06,3141.254704301075
47793,via adige,1,2025,20251,2025,2025-06,1367.512275985663
47802,via adolfo de carolis,1,2025,20251,2025,2025-06,940.1980286738352
47814,via agucchi,1,2025,20251,2025,2025-06,11.053763440860216
47849,via alberelli,1,2025,20251,2025,2025-06,484.90445468509984
47853,via alberto calda,1,2025,20251,2025,2025-06,2344.625051203277
47861,via alberto dallolio,1,2025,20251,2025,2025-06,3529.3163338453664
47875,via alberto mario,1,2025,20251,2025,2025-06,2987.214736943164
47887,via alessandro guidotti,1,2025,20251,2025,2025-06,2145.592652329749
47892,via alessandro tiarini,1,2025,20251,2025,2025-06,3412.706298003072
47902,via alfonso lombardi,1,2025,20251,2025,2025-06,2036.384485407066
47905,via alfonso rubbiani,1,2025,20251,2025,2025-06,3811.2688556067587
47908,via alfonso torreggiani,1,2025,20251,2025,2025-06,1929.9623143881208
47910,via amedeo parmeggiani,1,2025,20251,2025,2025-06,3597.674263952893
47912,via amilcare ponchielli,1,2025,20251,2025,2025-06,2117.8738095238095
47921,via andrea costa,1,2025,20251,2025,2025-06,7848.5762704813105
47982,via antonio cavalieri ducati,1,2025,20251,2025,2025-06,7609.860074244752
47996,via antonio giuriolo,1,2025,20251,2025,2025-06,1453.4
47998,via antonio labriola,1,2025,20251,2025,2025-06,1061.0663338453662
48001,via antonio vivaldi,1,2025,20251,2025,2025-06,438.3238735279058
48002,via arcangelo corelli,1,2025,20251,2025,2025-06,4534.332117255504
48014,via aristotile fioravanti,1,2025,20251,2025,2025-06,6742.319690220174
48033,via arno,1,2025,20251,2025,2025-06,5096.029369346305
48051,via augusto murri,1,2025,20251,2025,2025-06,8260.339425359585
48111,via augusto romagnoli,1,2025,20251,2025,2025-06,1215.844111623144
48117,via aurelio saffi,1,2025,20251,2025,2025-06,47.02326548899129
48131,via azzurra,1,2025,20251,2025,2025-06,6873.35634493941
48144,via bassa dei sassi,1,2025,20251,2025,2025-06,3530.144214029698
48150,via battindarno,1,2025,20251,2025,2025-06,3051.1086021505375
48210,via bellaria,1,2025,20251,2025,2025-06,784.2493910467414
48230,via benedetto marcello,1,2025,20251,2025,2025-06,6049.583861367127
48241,via borgonuovo,1,2025,20251,2025,2025-06,1459.525064004096
48242,via cadriano,1,2025,20251,2025,2025-06,1626.9359553678103
48270,via caduti di amola,1,2025,20251,2025,2025-06,1842.5724366359445
48284,via caduti di casteldebole,1,2025,20251,2025,2025-06,1122.1183307731696
48302,via calabria,1,2025,20251,2025,2025-06,1925.387058371736
48333,via calamosco,1,2025,20251,2025,2025-06,3134.1679851510494
48345,via camillo casarini,1,2025,20251,2025,2025-06,0.0
48364,via camillo ranzani,1,2025,20251,2025,2025-06,7979.313479262673
48368,via capo di lucca,1,2025,20251,2025,2025-06,0.0
48373,via cardinale g. de albornoz,1,2025,20251,2025,2025-06,2256.5120967741937
48374,via carlo alberto pizzardi,1,2025,20251,2025,2025-06,2782.961328725038
48383,via carlo sigonio,1,2025,20251,2025,2025-06,3806.5020225294415
48397,via casteldebole,1,2025,20251,2025,2025-06,668.5588581669226
48424,via castiglione,1,2025,20251,2025,2025-06,4313.188216845879
48453,via cesare battisti,1,2025,20251,2025,2025-06,1589.4743727598568
48456,via cesare boldrini,1,2025,20251,2025,2025-06,2108.6278673835127
48459,via cesare gnudi,1,2025,20251,2025,2025-06,7500.031490015361
48462,via cesare pavese,1,2025,20251,2025,2025-06,662.2873527905787
48469,via cimabue,1,2025,20251,2025,2025-06,559.1125064004096
48473,via cleto tomba,1,2025,20251,2025,2025-06,7.887096774193548
48476,via colombarola,1,2025,20251,2025,2025-06,1958.0594214029697
48484,via cracovia,1,2025,20251,2025,2025-06,1401.1923707117257
48498,via cristoforo colombo,1,2025,20251,2025,2025-06,11357.939656938042
48566,via croce di camaldoli,1,2025,20251,2025,2025-06,845.1711085509472
48573,via d'azeglio,1,2025,20251,2025,2025-06,2426.953974654378
48574,via dante,1,2025,20251,2025,2025-06,2946.678795442908
48575,via de' carracci,1,2025,20251,2025,2025-06,5693.5865701119155
48588,via degli orti,1,2025,20251,2025,2025-06,9820.42891887938
48617,via degli ortolani,1,2025,20251,2025,2025-06,12023.49491487455
48628,via degli stradelli guelfi,1,2025,20251,2025,2025-06,3.8978494623655915
48634,via dei lamponi,1,2025,20251,2025,2025-06,1695.8518369175627
48647,via dei mille,1,2025,20251,2025,2025-06,3174.8987007168457
48650,via del borgo di s.pietro,1,2025,20251,2025,2025-06,1392.3600934459803
48651,via del dazio,1,2025,20251,2025,2025-06,3733.326992660864
48669,via del fonditore,1,2025,20251,2025,2025-06,3020.4081797235026
48683,via del gomito,1,2025,20251,2025,2025-06,2241.4651625704046
48696,via del lavoro,1,2025,20251,2025,2025-06,5714.020532514081
48705,via del pallone,1,2025,20251,2025,2025-06,3229.1890296979004
48706,via del pilastro,1,2025,20251,2025,2025-06,668.4956477214541
48726,via del pozzo,1,2025,20251,2025,2025-06,3.698924731182796
48736,via del timavo,1,2025,20251,2025,2025-06,2528.174027137737
48746,via del triumvirato,1,2025,20251,2025,2025-06,6358.4260155316615
48825,via dell'angelo custode,1,2025,20251,2025,2025-06,1228.7635688684074
48843,via dell'artigiano,1,2025,20251,2025,2025-06,9541.410688684076
48845,via dell'indipendenza,1,2025,20251,2025,2025-06,211.25460829493088
48850,via dell'industria,1,2025,20251,2025,2025-06,18.368279569892472
48869,via della barca,1,2025,20251,2025,2025-06,7218.596985407065
48909,via della battaglia,1,2025,20251,2025,2025-06,1230.9541666666667
48936,via della beverara,1,2025,20251,2025,2025-06,3708.5846006144398
48991,via della ca' bianca,1,2025,20251,2025,2025-06,1209.229057859703
48993,via della certosa,1,2025,20251,2025,2025-06,1494.763236047107
48997,via della croce coperta,1,2025,20251,2025,2025-06,1905.2001536098312
49023,via della crocetta,1,2025,20251,2025,2025-06,1058.0052867383513
49025,via della direttissima,1,2025,20251,2025,2025-06,1349.5477086533538
49028,via della dozza,1,2025,20251,2025,2025-06,782.7227342549922
49036,via della foscherara,1,2025,20251,2025,2025-06,7175.829889912954
49040,via della liberazione,1,2025,20251,2025,2025-06,330.11021505376345
49044,via della pietra,1,2025,20251,2025,2025-06,11978.448310291858
49061,via della salute,1,2025,20251,2025,2025-06,2567.6478686635946
49111,via delle armi,1,2025,20251,2025,2025-06,1183.9004480286737
49115,via delle borre,1,2025,20251,2025,2025-06,1500.7242191500256
49118,via delle lame,1,2025,20251,2025,2025-06,1285.3716504522956
49129,via dell’arcoveggio,1,2025,20251,2025,2025-06,4986.944886072709
49130,via di casaglia,1,2025,20251,2025,2025-06,1977.4955133128522
49156,via di corticella,1,2025,20251,2025,2025-06,3166.0078437320176
49241,via di s.luca,1,2025,20251,2025,2025-06,1554.330222734255
49242,via di saliceto,1,2025,20251,2025,2025-06,931.2165642601126
49263,via dionisio calvart,1,2025,20251,2025,2025-06,418.1937275985663
49265,via domenico biancolelli,1,2025,20251,2025,2025-06,194.76276881720432
49279,via domenico zampieri,1,2025,20251,2025,2025-06,1621.669162826421
49282,via don giovanni minzoni,1,2025,20251,2025,2025-06,6456.8036098310295
49293,via don luigi sturzo,1,2025,20251,2025,2025-06,4127.183096518177
49312,via donato creti,1,2025,20251,2025,2025-06,8924.171377368151
49326,via duccio di boninsegna,1,2025,20251,2025,2025-06,1206.65719406042
49330,via due madonne,1,2025,20251,2025,2025-06,7164.128840245776
49360,via edoardo ferravilla,1,2025,20251,2025,2025-06,2500.039567332309
49366,via emilia levante,1,2025,20251,2025,2025-06,5053.364807987711
49431,via emilia ponente,1,2025,20251,2025,2025-06,3791.712994965011
49499,via emilio salgari,1,2025,20251,2025,2025-06,1253.291026625704
49505,via enrico mattei,1,2025,20251,2025,2025-06,7364.63903823178
49550,via ermanno galeotti,1,2025,20251,2025,2025-06,10052.27346390169
49551,via ermete novelli,1,2025,20251,2025,2025-06,1314.7331029185868
49556,via ermete zacconi,1,2025,20251,2025,2025-06,4060.8921786994365
49557,via ernesto masi,1,2025,20251,2025,2025-06,2627.061760295516
49569,via farini,1,2025,20251,2025,2025-06,20.655913978494624
49570,via faustino malaguti,1,2025,20251,2025,2025-06,4683.13887608807
49580,via felice battaglia,1,2025,20251,2025,2025-06,1113.056899641577
49586,via ferrarese,1,2025,20251,2025,2025-06,1892.862747787287
49668,via ferruccio parri,1,2025,20251,2025,2025-06,1387.0637992831541
49673,via filippo argelati,1,2025,20251,2025,2025-06,2575.1027009728623
49675,via filippo beroaldo,1,2025,20251,2025,2025-06,2132.9039810547874
49692,via filippo de pisis,1,2025,20251,2025,2025-06,6275.954569892473
49702,via filippo schiassi,1,2025,20251,2025,2025-06,2135.6740143369175
49713,via firenze,1,2025,20251,2025,2025-06,5839.576062467998
49728,via francesca e.de giovanni,1,2025,20251,2025,2025-06,1376.8021889400923
49729,via francesco barbieri,1,2025,20251,2025,2025-06,2808.8964968424643
49730,via francesco cavazzoni,1,2025,20251,2025,2025-06,3277.5305043522785
49746,via francesco roncati,1,2025,20251,2025,2025-06,1713.5754992319507
49758,via francesco zanardi,1,2025,20251,2025,2025-06,8374.26540578597
49832,via g.battista de rolandis,1,2025,20251,2025,2025-06,672.0241167434716
49833,via galeazza,1,2025,20251,2025,2025-06,1732.323067076293
49841,via galliera,1,2025,20251,2025,2025-06,1542.3769969278035
49847,via garibaldi,1,2025,20251,2025,2025-06,855.2058691756273
49848,via gaspare tagliacozzi,1,2025,20251,2025,2025-06,3703.131810035842
49858,via genova,1,2025,20251,2025,2025-06,2432.3997119815667
49869,via genuzio bentini,1,2025,20251,2025,2025-06,4448.974780252603
49888,via gherardo forni,1,2025,20251,2025,2025-06,2232.129377880184
49894,via giacomo matteotti,1,2025,20251,2025,2025-06,6142.45652329749
49904,via gian giacomo carissimi,1,2025,20251,2025,2025-06,536.8497567844342
49914,via giovan battista gandino,1,2025,20251,2025,2025-06,2163.3754224270356
49926,via giovanna zaccherini alvisi,1,2025,20251,2025,2025-06,3555.4702636968764
49930,via giovanni amendola,1,2025,20251,2025,2025-06,3176.617773937532
49937,via giovanni casoni,1,2025,20251,2025,2025-06,4332.729013056835
49941,via giovanni marchetti,1,2025,20251,2025,2025-06,1749.5007936507936
49949,via giovanni pier luigi da palestrina,1,2025,20251,2025,2025-06,789.4772529441884
49950,via giuseppe bentivogli,1,2025,20251,2025,2025-06,3796.610820959208
49960,via giuseppe dagnini,1,2025,20251,2025,2025-06,4228.372094214029
49985,via giuseppe dozza,1,2025,20251,2025,2025-06,8658.486106456266
50008,via giuseppe massarenti,1,2025,20251,2025,2025-06,8375.721716213367
50079,via giuseppe mazza,1,2025,20251,2025,2025-06,3498.4251920122892
50080,via giuseppe mezzofanti,1,2025,20251,2025,2025-06,8728.030568356375
50093,via giuseppe petroni,1,2025,20251,2025,2025-06,1112.3045314900153
50094,via giuseppe rivani,1,2025,20251,2025,2025-06,667.9262800819253
50127,via giuseppe ruggi,1,2025,20251,2025,2025-06,206.15399385560679
50135,via giuseppe saragat,1,2025,20251,2025,2025-06,1318.2629032258064
50144,via guerrazzi,1,2025,20251,2025,2025-06,3261.247247823861
50146,via guglielmo marconi,1,2025,20251,2025,2025-06,3220.2789528929848
50178,via innocenzo malvasia,1,2025,20251,2025,2025-06,6053.79057006315
50188,via irma bandiera,1,2025,20251,2025,2025-06,2415.359325396825
50199,via irnerio,1,2025,20251,2025,2025-06,5613.208678955453
50226,via isabella andreini,1,2025,20251,2025,2025-06,7068.682996245093
50249,via jurij alekseevic gagarin,1,2025,20251,2025,2025-06,11608.58988095238
50250,via larga,1,2025,20251,2025,2025-06,8203.896646185356
50301,via laura bassi veratti,1,2025,20251,2025,2025-06,4694.387751749445
50321,via leandro alberti,1,2025,20251,2025,2025-06,2601.389825177383
50338,via libia,1,2025,20251,2025,2025-06,3082.235697217955
50355,via lippo di dalmasio,1,2025,20251,2025,2025-06,328.30273937532
50357,via lombardia,1,2025,20251,2025,2025-06,970.0393689196109
50375,via luca signorelli,1,2025,20251,2025,2025-06,2815.1041346646184
50382,via luigi calori,1,2025,20251,2025,2025-06,4681.004621095751
50393,via luigi longo,1,2025,20251,2025,2025-06,2849.6412783751493
50399,via luigi pirandello,1,2025,20251,2025,2025-06,2484.7268177163337
50415,via luigi valeriani,1,2025,20251,2025,2025-06,1293.2069636456733
50420,via malpertuso,1,2025,20251,2025,2025-06,1159.9693420378906
50423,via marcantonio franceschini,1,2025,20251,2025,2025-06,5785.180005120328
50428,via marco emilio lepido,1,2025,20251,2025,2025-06,1791.8599099675712
50507,via marco polo,1,2025,20251,2025,2025-06,10853.513792882744
50533,via marsili,1,2025,20251,2025,2025-06,2983.7353174603177
50535,via marzabotto,1,2025,20251,2025,2025-06,3400.6155529953917
50560,via marziale,1,2025,20251,2025,2025-06,868.7847542242704
50564,via mascarella,1,2025,20251,2025,2025-06,0.048387096774193554
50568,via massenzio masia,1,2025,20251,2025,2025-06,2223.4271121351767
50569,via mazzini,1,2025,20251,2025,2025-06,5134.52632360471
50570,via michelino,1,2025,20251,2025,2025-06,4335.920814132104
50604,via milano,1,2025,20251,2025,2025-06,914.0536098310291
50612,via mondo,1,2025,20251,2025,2025-06,5147.04795186892
50626,via montefiorino,1,2025,20251,2025,2025-06,7621.804493087558
50638,via niccolo' machiavelli,1,2025,20251,2025,2025-06,1402.9602662570405
50639,via nicolo' dall'arca,1,2025,20251,2025,2025-06,2222.2839285714285
50640,via nino bertocchi,1,2025,20251,2025,2025-06,2741.210586277522
50660,via normandia,1,2025,20251,2025,2025-06,0.0
50667,via nosadella,1,2025,20251,2025,2025-06,7108.164324116744
50669,via olindo guerrini,1,2025,20251,2025,2025-06,163.49519969278035
50671,via orazio samacchini,1,2025,20251,2025,2025-06,506.6851510496672
50673,via osoppo,1,2025,20251,2025,2025-06,373.31902201740905
50679,via paganino bonafede,1,2025,20251,2025,2025-06,731.0232078853046
50680,via panigale,1,2025,20251,2025,2025-06,3528.0833077316947
50698,via paolo bovi campeggi,1,2025,20251,2025,2025-06,5665.450115207373
50713,via parisio,1,2025,20251,2025,2025-06,2806.218285970302
50725,via pasubio,1,2025,20251,2025,2025-06,2668.3539618535583
50745,via pelagio palagi,1,2025,20251,2025,2025-06,7457.781566820276
50758,via pellegrino tibaldi,1,2025,20251,2025,2025-06,3128.035541474654
50761,via pier paolo molinelli,1,2025,20251,2025,2025-06,5490.001216077829
50781,via pietro albertoni,1,2025,20251,2025,2025-06,3717.29485407066
50786,via pietro de coubertin,1,2025,20251,2025,2025-06,2664.0358422939066
50792,via pietro mascagni,1,2025,20251,2025,2025-06,3.5537634408602155
50800,via pietro mengoli,1,2025,20251,2025,2025-06,5104.346380568357
50816,via pietro nenni,1,2025,20251,2025,2025-06,2484.4317588325653
50823,via pietro pomponazzi,1,2025,20251,2025,2025-06,1184.888440860215
50825,via po,1,2025,20251,2025,2025-06,8414.66613671275
50834,via porrettana,1,2025,20251,2025,2025-06,3629.584732889572
50873,via prati di caprara,1,2025,20251,2025,2025-06,18154.69451484895
50885,via quarto di sopra,1,2025,20251,2025,2025-06,1343.334024577573
50892,via ravenna,1,2025,20251,2025,2025-06,490.88024833589344
50896,via rialto,1,2025,20251,2025,2025-06,624.7834101382489
50899,via rimesse,1,2025,20251,2025,2025-06,5926.8222734255
50914,via riva di reno,1,2025,20251,2025,2025-06,544.6613735279058
50931,via rizzoli,1,2025,20251,2025,2025-06,416.0335509472606
50932,via roberto ardigo',1,2025,20251,2025,2025-06,92.54243471582181
50933,via romolo amaseo,1,2025,20251,2025,2025-06,15560.137365591398
50935,via roncaglio,1,2025,20251,2025,2025-06,6190.3878648233485
50949,via ruggero ruggeri,1,2025,20251,2025,2025-06,840.1077188940093
50957,via s.anna,1,2025,20251,2025,2025-06,1515.9618407578084
50958,via s.donato,1,2025,20251,2025,2025-06,5254.645582047686
50959,via s.felice,1,2025,20251,2025,2025-06,1552.1025430960917
50960,via s.isaia,1,2025,20251,2025,2025-06,1610.7401689708142
50961,via s.mamolo,1,2025,20251,2025,2025-06,5117.0794098822325
50962,via s.nicolo' di villola,1,2025,20251,2025,2025-06,307.0722862263185
50963,via s.stefano,1,2025,20251,2025,2025-06,4433.332471411503
50964,via s.vitale,1,2025,20251,2025,2025-06,5110.015885816692
50965,via sabotino,1,2025,20251,2025,2025-06,17330.470302099337
50974,via san donato,1,2025,20251,2025,2025-06,5477.218429979519
51079,via santa barbara,1,2025,20251,2025,2025-06,1660.8586405529952
51087,via sante vincenzi,1,2025,20251,2025,2025-06,5381.549513568868
51107,via saragozza,1,2025,20251,2025,2025-06,6922.747505440348
51152,via sardegna,1,2025,20251,2025,2025-06,1508.9665322580647
51160,via sebastiano serlio,1,2025,20251,2025,2025-06,2910.239362519201
51167,via serena,1,2025,20251,2025,2025-06,260.5160970302099
51169,via siepelunga,1,2025,20251,2025,2025-06,1497.205376344086
51185,via simone dei crocefissi,1,2025,20251,2025,2025-06,9862.458486943164
51189,via spartaco,1,2025,20251,2025,2025-06,10.634408602150538
51200,via stalingrado,1,2025,20251,2025,2025-06,9079.888222082576
51271,via tolmino,1,2025,20251,2025,2025-06,8040.410042242703
51278,via tommaso martelli,1,2025,20251,2025,2025-06,5568.018586789555
51288,via torino,1,2025,20251,2025,2025-06,6767.360419866872
51293,via toscana,1,2025,20251,2025,2025-06,7043.771027807318
51413,via ugo bassi,1,2025,20251,2025,2025-06,744.3295506912442
51423,via ugo la malfa,1,2025,20251,2025,2025-06,1462.696146953405
51427,via umberto terracini,1,2025,20251,2025,2025-06,15857.506720430109
51437,via urbana,1,2025,20251,2025,2025-06,825.2899385560676
51441,via vallescura,1,2025,20251,2025,2025-06,119.43892729134664
51451,via vasco de gama,1,2025,20251,2025,2025-06,2269.6884152585767
51465,via vermena,1,2025,20251,2025,2025-06,1553.82226062468
51474,via vezza,1,2025,20251,2025,2025-06,830.9414362519201
51481,via vittorio bigari,1,2025,20251,2025,2025-06,2343.283691756272
51485,via vittorio bottego,1,2025,20251,2025,2025-06,222.34048899129542
51486,via vittorio veneto,1,2025,20251,2025,2025-06,1622.9663039767877
51495,via william shakespeare,1,2025,20251,2025,2025-06,3053.7071652585764
51515,via xxi aprile 1945,1,2025,20251,2025,2025-06,5613.015373783922
51516,viale abramo lincoln,1,2025,20251,2025,2025-06,4306.00856374808
51539,viale alcide de gasperi,1,2025,20251,2025,2025-06,16853.915181771634
51548,viale aldo moro,1,2025,20251,2025,2025-06,18.192652329749105
51563,viale alfredo oriani,1,2025,20251,2025,2025-06,1645.8264336917564
51573,viale angelo masini,1,2025,20251,2025,2025-06,9088.799763184843
51587,viale antonio aldini,1,2025,20251,2025,2025-06,12750.320983102918
51605,viale antonio silvani,1,2025,20251,2025,2025-06,9769.080062724015
51614,viale carlo berti pichat,1,2025,20251,2025,2025-06,10048.761763952893
51619,viale carlo pepoli,1,2025,20251,2025,2025-06,12307.093706263868
51633,viale del risorgimento,1,2025,20251,2025,2025-06,1116.8511776753712
51636,viale della fiera,1,2025,20251,2025,2025-06,61.859575012800825
51641,viale della repubblica,1,2025,20251,2025,2025-06,652.4556739631336
51660,viale enrico panzacchi,1,2025,20251,2025,2025-06,14088.89504394948
51669,viale europa,1,2025,20251,2025,2025-06,5856.276072424192
51687,viale felsina,1,2025,20251,2025,2025-06,4782.564695340502
51745,viale gaetano salvemini,1,2025,20251,2025,2025-06,4759.159803598859
51770,viale gian battista ercolani,1,2025,20251,2025,2025-06,9147.246639784946
51771,viale giosue' carducci,1,2025,20251,2025,2025-06,11131.310921232294
51772,viale giovanni gozzadini,1,2025,20251,2025,2025-06,14770.050819252434
51783,viale giovanni vicini,1,2025,20251,2025,2025-06,12966.259377880184
51794,viale ilic uljanov lenin,1,2025,20251,2025,2025-06,12364.409350998465
51813,viale m. karamchand gandhi,1,2025,20251,2025,2025-06,10851.58264920066
51814,viale palmiro togliatti,1,2025,20251,2025,2025-06,16915.57812157121
51833,viale pietro pietramellara,1,2025,20251,2025,2025-06,9791.873160948968
51852,viale quirico filopanti,1,2025,20251,2025,2025-06,13768.269649257554
51860,viale roma,1,2025,20251,2025,2025-06,14967.063716077828
51872,viale sandro pertini,1,2025,20251,2025,2025-06,18070.351275814985
51888,viale vladimir ilic uljanov lenin,1,2025,20251,2025,2025-06,13740.607347670251
51889,viale zagabria,1,2025,20251,2025,2025-06,759.2477086533537
